{"type":"FeatureCollection","bbox":[0.0,0.0,-1.0,-1.0],"features":[{"type":"Feature","properties":{"mntl_bh_p_me_2_rate_3_11_7_13":9.84832706921606,"area_code":210051248,"area_name":"Melbourne Airport"},"id":"sa2_chronicdisease_modelledestimate.210051248"},{"type":"Feature","properties":{"mntl_bh_p_me_2_rate_3_11_7_13":9.99011857240313,"area_code":213011340,"area_name":"Taylors Lakes"},"id":"sa2_chronicdisease_modelledestimate.213011340"},{"type":"Feature","properties":{"mntl_bh_p_me_2_rate_3_11_7_13":11.8089874239299,"area_code":206051130,"area_name":"Port Melbourne"},"id":"sa2_chronicdisease_modelledestimate.206051130"},{"type":"Feature","properties":{"mntl_bh_p_me_2_rate_3_11_7_13":12.4126842207351,"area_code":206011105,"area_name":"Brunswick"},"id":"sa2_chronicdisease_modelledestimate.206011105"},{"type":"Feature","properties":{"mntl_bh_p_me_2_rate_3_11_7_13":12.4126842207351,"area_code":206011106,"area_name":"Brunswick East"},"id":"sa2_chronicdisease_modelledestimate.206011106"},{"type":"Feature","properties":{"mntl_bh_p_me_2_rate_3_11_7_13":11.5271500857748,"area_code":208021180,"area_name":"Hughesdale"},"id":"sa2_chronicdisease_modelledestimate.208021180"},{"type":"Feature","properties":{"mntl_bh_p_me_2_rate_3_11_7_13":10.9552657667492,"area_code":213011339,"area_name":"Sydenham"},"id":"sa2_chronicdisease_modelledestimate.213011339"},{"type":"Feature","properties":{"mntl_bh_p_me_2_rate_3_11_7_13":12.6781353315652,"area_code":208021181,"area_name":"Murrumbeena"},"id":"sa2_chronicdisease_modelledestimate.208021181"},{"type":"Feature","properties":{"mntl_bh_p_me_2_rate_3_11_7_13":13.7828970235606,"area_code":206031115,"area_name":"Flemington"},"id":"sa2_chronicdisease_modelledestimate.206031115"},{"type":"Feature","properties":{"mntl_bh_p_me_2_rate_3_11_7_13":13.0201617410582,"area_code":213021341,"area_name":"Altona"},"id":"sa2_chronicdisease_modelledestimate.213021341"},{"type":"Feature","properties":{"mntl_bh_p_me_2_rate_3_11_7_13":11.8350423261961,"area_code":213021342,"area_name":"Altona Meadows"},"id":"sa2_chronicdisease_modelledestimate.213021342"},{"type":"Feature","properties":{"mntl_bh_p_me_2_rate_3_11_7_13":14.5084064943956,"area_code":206041118,"area_name":"Docklands"},"id":"sa2_chronicdisease_modelledestimate.206041118"},{"type":"Feature","properties":{"mntl_bh_p_me_2_rate_3_11_7_13":13.1225909781469,"area_code":208031187,"area_name":"Chelsea Heights"},"id":"sa2_chronicdisease_modelledestimate.208031187"},{"type":"Feature","properties":{"mntl_bh_p_me_2_rate_3_11_7_13":13.6342183488679,"area_code":206041119,"area_name":"East Melbourne"},"id":"sa2_chronicdisease_modelledestimate.206041119"},{"type":"Feature","properties":{"mntl_bh_p_me_2_rate_3_11_7_13":12.1839573792921,"area_code":206041120,"area_name":"Flemington Racecourse"},"id":"sa2_chronicdisease_modelledestimate.206041120"},{"type":"Feature","properties":{"mntl_bh_p_me_2_rate_3_11_7_13":11.4410198187936,"area_code":212031305,"area_name":"Hampton Park - Lynbrook"},"id":"sa2_chronicdisease_modelledestimate.212031305"},{"type":"Feature","properties":{"mntl_bh_p_me_2_rate_3_11_7_13":13.6342183488679,"area_code":206041125,"area_name":"South Yarra - West"},"id":"sa2_chronicdisease_modelledestimate.206041125"},{"type":"Feature","properties":{"mntl_bh_p_me_2_rate_3_11_7_13":13.1553770228675,"area_code":206061135,"area_name":"Armadale"},"id":"sa2_chronicdisease_modelledestimate.206061135"},{"type":"Feature","properties":{"mntl_bh_p_me_2_rate_3_11_7_13":9.85517896600477,"area_code":212031306,"area_name":"Lynbrook - Lyndhurst"},"id":"sa2_chronicdisease_modelledestimate.212031306"},{"type":"Feature","properties":{"mntl_bh_p_me_2_rate_3_11_7_13":11.9013833344494,"area_code":211051282,"area_name":"Mount Dandenong - Olinda"},"id":"sa2_chronicdisease_modelledestimate.211051282"},{"type":"Feature","properties":{"mntl_bh_p_me_2_rate_3_11_7_13":13.2519331641086,"area_code":206061136,"area_name":"Prahran - Windsor"},"id":"sa2_chronicdisease_modelledestimate.206061136"},{"type":"Feature","properties":{"mntl_bh_p_me_2_rate_3_11_7_13":12.2440341096674,"area_code":208031183,"area_name":"Aspendale Gardens - Waterways"},"id":"sa2_chronicdisease_modelledestimate.208031183"},{"type":"Feature","properties":{"mntl_bh_p_me_2_rate_3_11_7_13":11.8497412660362,"area_code":206011108,"area_name":"Coburg"},"id":"sa2_chronicdisease_modelledestimate.206011108"},{"type":"Feature","properties":{"mntl_bh_p_me_2_rate_3_11_7_13":13.7483392842932,"area_code":206071141,"area_name":"Collingwood"},"id":"sa2_chronicdisease_modelledestimate.206071141"},{"type":"Feature","properties":{"mntl_bh_p_me_2_rate_3_11_7_13":13.7483392842932,"area_code":206071142,"area_name":"Fitzroy"},"id":"sa2_chronicdisease_modelledestimate.206071142"},{"type":"Feature","properties":{"mntl_bh_p_me_2_rate_3_11_7_13":12.1417299890695,"area_code":206011107,"area_name":"Brunswick West"},"id":"sa2_chronicdisease_modelledestimate.206011107"},{"type":"Feature","properties":{"mntl_bh_p_me_2_rate_3_11_7_13":10.8476091904633,"area_code":211031265,"area_name":"Croydon Hills - Warranwood"},"id":"sa2_chronicdisease_modelledestimate.211031265"},{"type":"Feature","properties":{"mntl_bh_p_me_2_rate_3_11_7_13":12.1417299890695,"area_code":206011109,"area_name":"Pascoe Vale South"},"id":"sa2_chronicdisease_modelledestimate.206011109"},{"type":"Feature","properties":{"mntl_bh_p_me_2_rate_3_11_7_13":12.0961187481601,"area_code":206021112,"area_name":"Thornbury"},"id":"sa2_chronicdisease_modelledestimate.206021112"},{"type":"Feature","properties":{"mntl_bh_p_me_2_rate_3_11_7_13":11.6019245158867,"area_code":206021110,"area_name":"Alphington - Fairfield"},"id":"sa2_chronicdisease_modelledestimate.206021110"},{"type":"Feature","properties":{"mntl_bh_p_me_2_rate_3_11_7_13":10.8476091904633,"area_code":211031268,"area_name":"Ringwood North"},"id":"sa2_chronicdisease_modelledestimate.211031268"},{"type":"Feature","properties":{"mntl_bh_p_me_2_rate_3_11_7_13":11.6019245158867,"area_code":206021111,"area_name":"Northcote"},"id":"sa2_chronicdisease_modelledestimate.206021111"},{"type":"Feature","properties":{"mntl_bh_p_me_2_rate_3_11_7_13":12.002485012011,"area_code":208011170,"area_name":"Brighton East"},"id":"sa2_chronicdisease_modelledestimate.208011170"},{"type":"Feature","properties":{"mntl_bh_p_me_2_rate_3_11_7_13":14.5084064943956,"area_code":206041126,"area_name":"Southbank"},"id":"sa2_chronicdisease_modelledestimate.206041126"},{"type":"Feature","properties":{"mntl_bh_p_me_2_rate_3_11_7_13":12.1839573792921,"area_code":206041121,"area_name":"Kensington"},"id":"sa2_chronicdisease_modelledestimate.206041121"},{"type":"Feature","properties":{"mntl_bh_p_me_2_rate_3_11_7_13":11.7548837746627,"area_code":206031113,"area_name":"Ascot Vale"},"id":"sa2_chronicdisease_modelledestimate.206031113"},{"type":"Feature","properties":{"mntl_bh_p_me_2_rate_3_11_7_13":14.5084064943956,"area_code":206041127,"area_name":"West Melbourne"},"id":"sa2_chronicdisease_modelledestimate.206041127"},{"type":"Feature","properties":{"mntl_bh_p_me_2_rate_3_11_7_13":11.6998331676985,"area_code":206031114,"area_name":"Essendon - Aberfeldie"},"id":"sa2_chronicdisease_modelledestimate.206031114"},{"type":"Feature","properties":{"mntl_bh_p_me_2_rate_3_11_7_13":11.6998331676985,"area_code":206031116,"area_name":"Moonee Ponds"},"id":"sa2_chronicdisease_modelledestimate.206031116"},{"type":"Feature","properties":{"mntl_bh_p_me_2_rate_3_11_7_13":16.5210741529394,"area_code":206041117,"area_name":"Carlton"},"id":"sa2_chronicdisease_modelledestimate.206041117"},{"type":"Feature","properties":{"mntl_bh_p_me_2_rate_3_11_7_13":17.0454354705446,"area_code":206041122,"area_name":"Melbourne"},"id":"sa2_chronicdisease_modelledestimate.206041122"},{"type":"Feature","properties":{"mntl_bh_p_me_2_rate_3_11_7_13":12.33562496888,"area_code":208011171,"area_name":"Cheltenham - Highett (West)"},"id":"sa2_chronicdisease_modelledestimate.208011171"},{"type":"Feature","properties":{"mntl_bh_p_me_2_rate_3_11_7_13":13.2717642602838,"area_code":206051128,"area_name":"Albert Park"},"id":"sa2_chronicdisease_modelledestimate.206051128"},{"type":"Feature","properties":{"mntl_bh_p_me_2_rate_3_11_7_13":13.936369686315,"area_code":206041123,"area_name":"North Melbourne"},"id":"sa2_chronicdisease_modelledestimate.206041123"},{"type":"Feature","properties":{"mntl_bh_p_me_2_rate_3_11_7_13":15.5023409442142,"area_code":206041124,"area_name":"Parkville"},"id":"sa2_chronicdisease_modelledestimate.206041124"},{"type":"Feature","properties":{"mntl_bh_p_me_2_rate_3_11_7_13":13.7120275333774,"area_code":206051129,"area_name":"Elwood"},"id":"sa2_chronicdisease_modelledestimate.206051129"},{"type":"Feature","properties":{"mntl_bh_p_me_2_rate_3_11_7_13":11.8089874239299,"area_code":206051131,"area_name":"Port Melbourne Industrial"},"id":"sa2_chronicdisease_modelledestimate.206051131"},{"type":"Feature","properties":{"mntl_bh_p_me_2_rate_3_11_7_13":12.5402933285739,"area_code":206051132,"area_name":"South Melbourne"},"id":"sa2_chronicdisease_modelledestimate.206051132"},{"type":"Feature","properties":{"mntl_bh_p_me_2_rate_3_11_7_13":12.7795642102151,"area_code":206051133,"area_name":"St Kilda"},"id":"sa2_chronicdisease_modelledestimate.206051133"},{"type":"Feature","properties":{"mntl_bh_p_me_2_rate_3_11_7_13":12.7795642102151,"area_code":206051134,"area_name":"St Kilda East"},"id":"sa2_chronicdisease_modelledestimate.206051134"},{"type":"Feature","properties":{"mntl_bh_p_me_2_rate_3_11_7_13":13.2519331641086,"area_code":206061137,"area_name":"South Yarra - East"},"id":"sa2_chronicdisease_modelledestimate.206061137"},{"type":"Feature","properties":{"mntl_bh_p_me_2_rate_3_11_7_13":13.1553770228675,"area_code":206061138,"area_name":"Toorak"},"id":"sa2_chronicdisease_modelledestimate.206061138"},{"type":"Feature","properties":{"mntl_bh_p_me_2_rate_3_11_7_13":12.4915185895161,"area_code":206071143,"area_name":"Fitzroy North"},"id":"sa2_chronicdisease_modelledestimate.206071143"},{"type":"Feature","properties":{"mntl_bh_p_me_2_rate_3_11_7_13":12.1861995419201,"area_code":206071144,"area_name":"Richmond (Vic.)"},"id":"sa2_chronicdisease_modelledestimate.206071144"},{"type":"Feature","properties":{"mntl_bh_p_me_2_rate_3_11_7_13":11.4859637008653,"area_code":206071145,"area_name":"Yarra - North"},"id":"sa2_chronicdisease_modelledestimate.206071145"},{"type":"Feature","properties":{"mntl_bh_p_me_2_rate_3_11_7_13":11.4859637008653,"area_code":206071139,"area_name":"Abbotsford"},"id":"sa2_chronicdisease_modelledestimate.206071139"},{"type":"Feature","properties":{"mntl_bh_p_me_2_rate_3_11_7_13":12.4915185895161,"area_code":206071140,"area_name":"Carlton North - Princes Hill"},"id":"sa2_chronicdisease_modelledestimate.206071140"},{"type":"Feature","properties":{"mntl_bh_p_me_2_rate_3_11_7_13":11.7853478879172,"area_code":207011147,"area_name":"Balwyn"},"id":"sa2_chronicdisease_modelledestimate.207011147"},{"type":"Feature","properties":{"mntl_bh_p_me_2_rate_3_11_7_13":11.6462029507168,"area_code":207011149,"area_name":"Camberwell"},"id":"sa2_chronicdisease_modelledestimate.207011149"},{"type":"Feature","properties":{"mntl_bh_p_me_2_rate_3_11_7_13":10.9325672764048,"area_code":207011146,"area_name":"Ashburton (Vic.)"},"id":"sa2_chronicdisease_modelledestimate.207011146"},{"type":"Feature","properties":{"mntl_bh_p_me_2_rate_3_11_7_13":13.1180406063652,"area_code":207011152,"area_name":"Hawthorn East"},"id":"sa2_chronicdisease_modelledestimate.207011152"},{"type":"Feature","properties":{"mntl_bh_p_me_2_rate_3_11_7_13":12.5805903683975,"area_code":207011153,"area_name":"Kew"},"id":"sa2_chronicdisease_modelledestimate.207011153"},{"type":"Feature","properties":{"mntl_bh_p_me_2_rate_3_11_7_13":11.7853478879172,"area_code":207011148,"area_name":"Balwyn North"},"id":"sa2_chronicdisease_modelledestimate.207011148"},{"type":"Feature","properties":{"mntl_bh_p_me_2_rate_3_11_7_13":11.6462029507168,"area_code":207011155,"area_name":"Surrey Hills (West) - Canterbury"},"id":"sa2_chronicdisease_modelledestimate.207011155"},{"type":"Feature","properties":{"mntl_bh_p_me_2_rate_3_11_7_13":10.1415465936144,"area_code":207021160,"area_name":"Templestowe Lower"},"id":"sa2_chronicdisease_modelledestimate.207021160"},{"type":"Feature","properties":{"mntl_bh_p_me_2_rate_3_11_7_13":11.3937370651487,"area_code":207011150,"area_name":"Glen Iris - East"},"id":"sa2_chronicdisease_modelledestimate.207011150"},{"type":"Feature","properties":{"mntl_bh_p_me_2_rate_3_11_7_13":13.1180406063652,"area_code":207011151,"area_name":"Hawthorn"},"id":"sa2_chronicdisease_modelledestimate.207011151"},{"type":"Feature","properties":{"mntl_bh_p_me_2_rate_3_11_7_13":11.9008471483857,"area_code":207021156,"area_name":"Bulleen"},"id":"sa2_chronicdisease_modelledestimate.207021156"},{"type":"Feature","properties":{"mntl_bh_p_me_2_rate_3_11_7_13":11.9008471483857,"area_code":207021157,"area_name":"Doncaster"},"id":"sa2_chronicdisease_modelledestimate.207021157"},{"type":"Feature","properties":{"mntl_bh_p_me_2_rate_3_11_7_13":12.1394296902202,"area_code":207021158,"area_name":"Doncaster East"},"id":"sa2_chronicdisease_modelledestimate.207021158"},{"type":"Feature","properties":{"mntl_bh_p_me_2_rate_3_11_7_13":10.1415465936144,"area_code":207021159,"area_name":"Templestowe"},"id":"sa2_chronicdisease_modelledestimate.207021159"},{"type":"Feature","properties":{"mntl_bh_p_me_2_rate_3_11_7_13":12.2823817434707,"area_code":207031161,"area_name":"Blackburn"},"id":"sa2_chronicdisease_modelledestimate.207031161"},{"type":"Feature","properties":{"mntl_bh_p_me_2_rate_3_11_7_13":12.5805903683975,"area_code":207011154,"area_name":"Kew East"},"id":"sa2_chronicdisease_modelledestimate.207011154"},{"type":"Feature","properties":{"mntl_bh_p_me_2_rate_3_11_7_13":12.2823817434707,"area_code":207031162,"area_name":"Blackburn South"},"id":"sa2_chronicdisease_modelledestimate.207031162"},{"type":"Feature","properties":{"mntl_bh_p_me_2_rate_3_11_7_13":13.2405103940635,"area_code":207031163,"area_name":"Box Hill"},"id":"sa2_chronicdisease_modelledestimate.207031163"},{"type":"Feature","properties":{"mntl_bh_p_me_2_rate_3_11_7_13":11.9198143762581,"area_code":207031167,"area_name":"Surrey Hills (East) - Mont Albert"},"id":"sa2_chronicdisease_modelledestimate.207031167"},{"type":"Feature","properties":{"mntl_bh_p_me_2_rate_3_11_7_13":14.4933400166168,"area_code":207031165,"area_name":"Burwood"},"id":"sa2_chronicdisease_modelledestimate.207031165"},{"type":"Feature","properties":{"mntl_bh_p_me_2_rate_3_11_7_13":13.2405103940635,"area_code":207031164,"area_name":"Box Hill North"},"id":"sa2_chronicdisease_modelledestimate.207031164"},{"type":"Feature","properties":{"mntl_bh_p_me_2_rate_3_11_7_13":14.4933400166168,"area_code":207031166,"area_name":"Burwood East"},"id":"sa2_chronicdisease_modelledestimate.207031166"},{"type":"Feature","properties":{"mntl_bh_p_me_2_rate_3_11_7_13":11.9413789651797,"area_code":208011168,"area_name":"Beaumaris"},"id":"sa2_chronicdisease_modelledestimate.208011168"},{"type":"Feature","properties":{"mntl_bh_p_me_2_rate_3_11_7_13":11.3033745649659,"area_code":212041313,"area_name":"Dingley Village"},"id":"sa2_chronicdisease_modelledestimate.212041313"},{"type":"Feature","properties":{"mntl_bh_p_me_2_rate_3_11_7_13":12.002485012011,"area_code":208011169,"area_name":"Brighton (Vic.)"},"id":"sa2_chronicdisease_modelledestimate.208011169"},{"type":"Feature","properties":{"mntl_bh_p_me_2_rate_3_11_7_13":12.5367935467114,"area_code":208011172,"area_name":"Hampton"},"id":"sa2_chronicdisease_modelledestimate.208011172"},{"type":"Feature","properties":{"mntl_bh_p_me_2_rate_3_11_7_13":12.0913737467363,"area_code":208021174,"area_name":"Bentleigh - McKinnon"},"id":"sa2_chronicdisease_modelledestimate.208021174"},{"type":"Feature","properties":{"mntl_bh_p_me_2_rate_3_11_7_13":17.2891386749079,"area_code":214011372,"area_name":"Frankston North"},"id":"sa2_chronicdisease_modelledestimate.214011372"},{"type":"Feature","properties":{"mntl_bh_p_me_2_rate_3_11_7_13":12.0913737467363,"area_code":208021175,"area_name":"Bentleigh East"},"id":"sa2_chronicdisease_modelledestimate.208021175"},{"type":"Feature","properties":{"mntl_bh_p_me_2_rate_3_11_7_13":12.2440341096674,"area_code":208031184,"area_name":"Braeside"},"id":"sa2_chronicdisease_modelledestimate.208031184"},{"type":"Feature","properties":{"mntl_bh_p_me_2_rate_3_11_7_13":11.9413789651797,"area_code":208011173,"area_name":"Sandringham - Black Rock"},"id":"sa2_chronicdisease_modelledestimate.208011173"},{"type":"Feature","properties":{"mntl_bh_p_me_2_rate_3_11_7_13":13.5839357148654,"area_code":208021176,"area_name":"Carnegie"},"id":"sa2_chronicdisease_modelledestimate.208021176"},{"type":"Feature","properties":{"mntl_bh_p_me_2_rate_3_11_7_13":12.3559047980352,"area_code":208021179,"area_name":"Elsternwick"},"id":"sa2_chronicdisease_modelledestimate.208021179"},{"type":"Feature","properties":{"mntl_bh_p_me_2_rate_3_11_7_13":13.5839357148654,"area_code":208021182,"area_name":"Ormond - Glen Huntly"},"id":"sa2_chronicdisease_modelledestimate.208021182"},{"type":"Feature","properties":{"mntl_bh_p_me_2_rate_3_11_7_13":11.7408958890175,"area_code":208021177,"area_name":"Caulfield - North"},"id":"sa2_chronicdisease_modelledestimate.208021177"},{"type":"Feature","properties":{"mntl_bh_p_me_2_rate_3_11_7_13":11.7408958890175,"area_code":208021178,"area_name":"Caulfield - South"},"id":"sa2_chronicdisease_modelledestimate.208021178"},{"type":"Feature","properties":{"mntl_bh_p_me_2_rate_3_11_7_13":12.4514657284856,"area_code":208031185,"area_name":"Carrum - Patterson Lakes"},"id":"sa2_chronicdisease_modelledestimate.208031185"},{"type":"Feature","properties":{"mntl_bh_p_me_2_rate_3_11_7_13":13.1225909781469,"area_code":208031186,"area_name":"Chelsea - Bonbeach"},"id":"sa2_chronicdisease_modelledestimate.208031186"},{"type":"Feature","properties":{"mntl_bh_p_me_2_rate_3_11_7_13":12.9859581818101,"area_code":208031188,"area_name":"Cheltenham - Highett (East)"},"id":"sa2_chronicdisease_modelledestimate.208031188"},{"type":"Feature","properties":{"mntl_bh_p_me_2_rate_3_11_7_13":12.9859581818101,"area_code":208031190,"area_name":"Mentone"},"id":"sa2_chronicdisease_modelledestimate.208031190"},{"type":"Feature","properties":{"mntl_bh_p_me_2_rate_3_11_7_13":12.2440341096674,"area_code":208031189,"area_name":"Edithvale - Aspendale"},"id":"sa2_chronicdisease_modelledestimate.208031189"},{"type":"Feature","properties":{"mntl_bh_p_me_2_rate_3_11_7_13":12.9859581818101,"area_code":208031191,"area_name":"Moorabbin - Heatherton"},"id":"sa2_chronicdisease_modelledestimate.208031191"},{"type":"Feature","properties":{"mntl_bh_p_me_2_rate_3_11_7_13":12.9859581818101,"area_code":208031192,"area_name":"Moorabbin Airport"},"id":"sa2_chronicdisease_modelledestimate.208031192"},{"type":"Feature","properties":{"mntl_bh_p_me_2_rate_3_11_7_13":12.9809724291947,"area_code":209011196,"area_name":"Bundoora - East"},"id":"sa2_chronicdisease_modelledestimate.209011196"},{"type":"Feature","properties":{"mntl_bh_p_me_2_rate_3_11_7_13":11.93468187745,"area_code":209011197,"area_name":"Greensborough"},"id":"sa2_chronicdisease_modelledestimate.209011197"},{"type":"Feature","properties":{"mntl_bh_p_me_2_rate_3_11_7_13":12.2440341096674,"area_code":208031193,"area_name":"Mordialloc - Parkdale"},"id":"sa2_chronicdisease_modelledestimate.208031193"},{"type":"Feature","properties":{"mntl_bh_p_me_2_rate_3_11_7_13":11.041117744317,"area_code":209031210,"area_name":"Hurstbridge"},"id":"sa2_chronicdisease_modelledestimate.209031210"},{"type":"Feature","properties":{"mntl_bh_p_me_2_rate_3_11_7_13":10.5718237761697,"area_code":209031211,"area_name":"Kinglake"},"id":"sa2_chronicdisease_modelledestimate.209031211"},{"type":"Feature","properties":{"mntl_bh_p_me_2_rate_3_11_7_13":11.041117744317,"area_code":209031212,"area_name":"Panton Hill - St Andrews"},"id":"sa2_chronicdisease_modelledestimate.209031212"},{"type":"Feature","properties":{"mntl_bh_p_me_2_rate_3_11_7_13":11.0064934952908,"area_code":209031213,"area_name":"Plenty - Yarrambat"},"id":"sa2_chronicdisease_modelledestimate.209031213"},{"type":"Feature","properties":{"mntl_bh_p_me_2_rate_3_11_7_13":11.041117744317,"area_code":209031214,"area_name":"Research - North Warrandyte"},"id":"sa2_chronicdisease_modelledestimate.209031214"},{"type":"Feature","properties":{"mntl_bh_p_me_2_rate_3_11_7_13":12.7445574400069,"area_code":208041194,"area_name":"Malvern - Glen Iris"},"id":"sa2_chronicdisease_modelledestimate.208041194"},{"type":"Feature","properties":{"mntl_bh_p_me_2_rate_3_11_7_13":12.7445574400069,"area_code":208041195,"area_name":"Malvern East"},"id":"sa2_chronicdisease_modelledestimate.208041195"},{"type":"Feature","properties":{"mntl_bh_p_me_2_rate_3_11_7_13":12.3654908765725,"area_code":209011198,"area_name":"Heidelberg - Rosanna"},"id":"sa2_chronicdisease_modelledestimate.209011198"},{"type":"Feature","properties":{"mntl_bh_p_me_2_rate_3_11_7_13":11.8461153702366,"area_code":209041217,"area_name":"Bundoora - West"},"id":"sa2_chronicdisease_modelledestimate.209041217"},{"type":"Feature","properties":{"mntl_bh_p_me_2_rate_3_11_7_13":15.0610330826483,"area_code":209011199,"area_name":"Heidelberg West"},"id":"sa2_chronicdisease_modelledestimate.209011199"},{"type":"Feature","properties":{"mntl_bh_p_me_2_rate_3_11_7_13":12.8840040343389,"area_code":209011200,"area_name":"Ivanhoe"},"id":"sa2_chronicdisease_modelledestimate.209011200"},{"type":"Feature","properties":{"mntl_bh_p_me_2_rate_3_11_7_13":11.4280231878397,"area_code":209041218,"area_name":"Epping"},"id":"sa2_chronicdisease_modelledestimate.209041218"},{"type":"Feature","properties":{"mntl_bh_p_me_2_rate_3_11_7_13":11.4294534916436,"area_code":209011201,"area_name":"Ivanhoe East - Eaglemont"},"id":"sa2_chronicdisease_modelledestimate.209011201"},{"type":"Feature","properties":{"mntl_bh_p_me_2_rate_3_11_7_13":11.93468187745,"area_code":209011202,"area_name":"Montmorency - Briar Hill"},"id":"sa2_chronicdisease_modelledestimate.209011202"},{"type":"Feature","properties":{"mntl_bh_p_me_2_rate_3_11_7_13":12.3654908765725,"area_code":209011203,"area_name":"Viewbank - Yallambie"},"id":"sa2_chronicdisease_modelledestimate.209011203"},{"type":"Feature","properties":{"mntl_bh_p_me_2_rate_3_11_7_13":11.1993836992205,"area_code":209041225,"area_name":"Whittlesea"},"id":"sa2_chronicdisease_modelledestimate.209041225"},{"type":"Feature","properties":{"mntl_bh_p_me_2_rate_3_11_7_13":12.9809724291947,"area_code":209011204,"area_name":"Watsonia"},"id":"sa2_chronicdisease_modelledestimate.209011204"},{"type":"Feature","properties":{"mntl_bh_p_me_2_rate_3_11_7_13":13.6694707254535,"area_code":209021205,"area_name":"Kingsbury"},"id":"sa2_chronicdisease_modelledestimate.209021205"},{"type":"Feature","properties":{"mntl_bh_p_me_2_rate_3_11_7_13":11.6588119111439,"area_code":210011226,"area_name":"Airport West"},"id":"sa2_chronicdisease_modelledestimate.210011226"},{"type":"Feature","properties":{"mntl_bh_p_me_2_rate_3_11_7_13":12.3595767906177,"area_code":209021206,"area_name":"Preston"},"id":"sa2_chronicdisease_modelledestimate.209021206"},{"type":"Feature","properties":{"mntl_bh_p_me_2_rate_3_11_7_13":12.9933360180648,"area_code":209021207,"area_name":"Reservoir - East"},"id":"sa2_chronicdisease_modelledestimate.209021207"},{"type":"Feature","properties":{"mntl_bh_p_me_2_rate_3_11_7_13":12.1916728781231,"area_code":209021208,"area_name":"Reservoir - West"},"id":"sa2_chronicdisease_modelledestimate.209021208"},{"type":"Feature","properties":{"mntl_bh_p_me_2_rate_3_11_7_13":11.3572076757042,"area_code":209031209,"area_name":"Eltham"},"id":"sa2_chronicdisease_modelledestimate.209031209"},{"type":"Feature","properties":{"mntl_bh_p_me_2_rate_3_11_7_13":11.0064934952908,"area_code":209031215,"area_name":"Wattle Glen - Diamond Creek"},"id":"sa2_chronicdisease_modelledestimate.209031215"},{"type":"Feature","properties":{"mntl_bh_p_me_2_rate_3_11_7_13":11.6588119111439,"area_code":210011227,"area_name":"Essendon Airport"},"id":"sa2_chronicdisease_modelledestimate.210011227"},{"type":"Feature","properties":{"mntl_bh_p_me_2_rate_3_11_7_13":12.5392662045933,"area_code":209041216,"area_name":"Bundoora - North"},"id":"sa2_chronicdisease_modelledestimate.209041216"},{"type":"Feature","properties":{"mntl_bh_p_me_2_rate_3_11_7_13":12.3405890085717,"area_code":210011230,"area_name":"Niddrie - Essendon West"},"id":"sa2_chronicdisease_modelledestimate.210011230"},{"type":"Feature","properties":{"mntl_bh_p_me_2_rate_3_11_7_13":12.7163419092014,"area_code":209041219,"area_name":"Lalor"},"id":"sa2_chronicdisease_modelledestimate.209041219"},{"type":"Feature","properties":{"mntl_bh_p_me_2_rate_3_11_7_13":10.3697726870366,"area_code":209041220,"area_name":"Mill Park - North"},"id":"sa2_chronicdisease_modelledestimate.209041220"},{"type":"Feature","properties":{"mntl_bh_p_me_2_rate_3_11_7_13":11.1315244502696,"area_code":209041221,"area_name":"Mill Park - South"},"id":"sa2_chronicdisease_modelledestimate.209041221"},{"type":"Feature","properties":{"mntl_bh_p_me_2_rate_3_11_7_13":9.7926062426191,"area_code":209041222,"area_name":"South Morang"},"id":"sa2_chronicdisease_modelledestimate.209041222"},{"type":"Feature","properties":{"mntl_bh_p_me_2_rate_3_11_7_13":12.7163419092014,"area_code":209041223,"area_name":"Thomastown"},"id":"sa2_chronicdisease_modelledestimate.209041223"},{"type":"Feature","properties":{"mntl_bh_p_me_2_rate_3_11_7_13":11.1993836992205,"area_code":209041224,"area_name":"Wallan"},"id":"sa2_chronicdisease_modelledestimate.209041224"},{"type":"Feature","properties":{"mntl_bh_p_me_2_rate_3_11_7_13":11.7812684159909,"area_code":210011228,"area_name":"Keilor"},"id":"sa2_chronicdisease_modelledestimate.210011228"},{"type":"Feature","properties":{"mntl_bh_p_me_2_rate_3_11_7_13":11.6588119111439,"area_code":210011229,"area_name":"Keilor East"},"id":"sa2_chronicdisease_modelledestimate.210011229"},{"type":"Feature","properties":{"mntl_bh_p_me_2_rate_3_11_7_13":11.5923541527334,"area_code":210011231,"area_name":"Strathmore"},"id":"sa2_chronicdisease_modelledestimate.210011231"},{"type":"Feature","properties":{"mntl_bh_p_me_2_rate_3_11_7_13":11.0724012750727,"area_code":210021232,"area_name":"Gisborne"},"id":"sa2_chronicdisease_modelledestimate.210021232"},{"type":"Feature","properties":{"mntl_bh_p_me_2_rate_3_11_7_13":11.0724012750727,"area_code":210021233,"area_name":"Macedon"},"id":"sa2_chronicdisease_modelledestimate.210021233"},{"type":"Feature","properties":{"mntl_bh_p_me_2_rate_3_11_7_13":11.0724012750727,"area_code":210021234,"area_name":"Riddells Creek"},"id":"sa2_chronicdisease_modelledestimate.210021234"},{"type":"Feature","properties":{"mntl_bh_p_me_2_rate_3_11_7_13":11.7418667384776,"area_code":210021235,"area_name":"Romsey"},"id":"sa2_chronicdisease_modelledestimate.210021235"},{"type":"Feature","properties":{"mntl_bh_p_me_2_rate_3_11_7_13":12.1301359240117,"area_code":210031236,"area_name":"Coburg North"},"id":"sa2_chronicdisease_modelledestimate.210031236"},{"type":"Feature","properties":{"mntl_bh_p_me_2_rate_3_11_7_13":12.3962922946573,"area_code":210031237,"area_name":"Fawkner"},"id":"sa2_chronicdisease_modelledestimate.210031237"},{"type":"Feature","properties":{"mntl_bh_p_me_2_rate_3_11_7_13":12.0869207102212,"area_code":210031238,"area_name":"Glenroy - Hadfield"},"id":"sa2_chronicdisease_modelledestimate.210031238"},{"type":"Feature","properties":{"mntl_bh_p_me_2_rate_3_11_7_13":11.714618395145,"area_code":210031239,"area_name":"Pascoe Vale"},"id":"sa2_chronicdisease_modelledestimate.210031239"},{"type":"Feature","properties":{"mntl_bh_p_me_2_rate_3_11_7_13":12.6690171852547,"area_code":210041240,"area_name":"Sunbury"},"id":"sa2_chronicdisease_modelledestimate.210041240"},{"type":"Feature","properties":{"mntl_bh_p_me_2_rate_3_11_7_13":12.6690171852547,"area_code":210041241,"area_name":"Sunbury - South"},"id":"sa2_chronicdisease_modelledestimate.210041241"},{"type":"Feature","properties":{"mntl_bh_p_me_2_rate_3_11_7_13":15.8759651997641,"area_code":210051242,"area_name":"Broadmeadows"},"id":"sa2_chronicdisease_modelledestimate.210051242"},{"type":"Feature","properties":{"mntl_bh_p_me_2_rate_3_11_7_13":13.2570713362943,"area_code":210051247,"area_name":"Meadow Heights"},"id":"sa2_chronicdisease_modelledestimate.210051247"},{"type":"Feature","properties":{"mntl_bh_p_me_2_rate_3_11_7_13":13.3867417825011,"area_code":210051243,"area_name":"Campbellfield - Coolaroo"},"id":"sa2_chronicdisease_modelledestimate.210051243"},{"type":"Feature","properties":{"mntl_bh_p_me_2_rate_3_11_7_13":11.0800874856121,"area_code":210051244,"area_name":"Craigieburn - Mickleham"},"id":"sa2_chronicdisease_modelledestimate.210051244"},{"type":"Feature","properties":{"mntl_bh_p_me_2_rate_3_11_7_13":11.2059810315993,"area_code":210051245,"area_name":"Gladstone Park - Westmeadows"},"id":"sa2_chronicdisease_modelledestimate.210051245"},{"type":"Feature","properties":{"mntl_bh_p_me_2_rate_3_11_7_13":9.84832706921606,"area_code":210051246,"area_name":"Greenvale - Bulla"},"id":"sa2_chronicdisease_modelledestimate.210051246"},{"type":"Feature","properties":{"mntl_bh_p_me_2_rate_3_11_7_13":11.2059810315993,"area_code":210051250,"area_name":"Tullamarine"},"id":"sa2_chronicdisease_modelledestimate.210051250"},{"type":"Feature","properties":{"mntl_bh_p_me_2_rate_3_11_7_13":13.1033321366043,"area_code":211011251,"area_name":"Bayswater"},"id":"sa2_chronicdisease_modelledestimate.211011251"},{"type":"Feature","properties":{"mntl_bh_p_me_2_rate_3_11_7_13":13.0162253713904,"area_code":210051249,"area_name":"Roxburgh Park - Somerton"},"id":"sa2_chronicdisease_modelledestimate.210051249"},{"type":"Feature","properties":{"mntl_bh_p_me_2_rate_3_11_7_13":13.1033321366043,"area_code":211011252,"area_name":"Boronia - The Basin"},"id":"sa2_chronicdisease_modelledestimate.211011252"},{"type":"Feature","properties":{"mntl_bh_p_me_2_rate_3_11_7_13":12.5638764667487,"area_code":211011253,"area_name":"Ferntree Gully"},"id":"sa2_chronicdisease_modelledestimate.211011253"},{"type":"Feature","properties":{"mntl_bh_p_me_2_rate_3_11_7_13":12.0530790192409,"area_code":211011254,"area_name":"Knoxfield - Scoresby"},"id":"sa2_chronicdisease_modelledestimate.211011254"},{"type":"Feature","properties":{"mntl_bh_p_me_2_rate_3_11_7_13":10.8765962238726,"area_code":211011255,"area_name":"Lysterfield"},"id":"sa2_chronicdisease_modelledestimate.211011255"},{"type":"Feature","properties":{"mntl_bh_p_me_2_rate_3_11_7_13":10.8765962238726,"area_code":211011257,"area_name":"Rowville - North"},"id":"sa2_chronicdisease_modelledestimate.211011257"},{"type":"Feature","properties":{"mntl_bh_p_me_2_rate_3_11_7_13":10.8765962238726,"area_code":211011256,"area_name":"Rowville - Central"},"id":"sa2_chronicdisease_modelledestimate.211011256"},{"type":"Feature","properties":{"mntl_bh_p_me_2_rate_3_11_7_13":10.8765962238726,"area_code":211011258,"area_name":"Rowville - South"},"id":"sa2_chronicdisease_modelledestimate.211011258"},{"type":"Feature","properties":{"mntl_bh_p_me_2_rate_3_11_7_13":12.0185813646274,"area_code":211011259,"area_name":"Wantirna"},"id":"sa2_chronicdisease_modelledestimate.211011259"},{"type":"Feature","properties":{"mntl_bh_p_me_2_rate_3_11_7_13":12.0185813646274,"area_code":211011260,"area_name":"Wantirna South"},"id":"sa2_chronicdisease_modelledestimate.211011260"},{"type":"Feature","properties":{"mntl_bh_p_me_2_rate_3_11_7_13":11.1696608210461,"area_code":211021261,"area_name":"Donvale - Park Orchards"},"id":"sa2_chronicdisease_modelledestimate.211021261"},{"type":"Feature","properties":{"mntl_bh_p_me_2_rate_3_11_7_13":11.1696608210461,"area_code":211021262,"area_name":"Warrandyte - Wonga Park"},"id":"sa2_chronicdisease_modelledestimate.211021262"},{"type":"Feature","properties":{"mntl_bh_p_me_2_rate_3_11_7_13":12.0969965612957,"area_code":211031263,"area_name":"Bayswater North"},"id":"sa2_chronicdisease_modelledestimate.211031263"},{"type":"Feature","properties":{"mntl_bh_p_me_2_rate_3_11_7_13":12.9210731072411,"area_code":211031264,"area_name":"Croydon"},"id":"sa2_chronicdisease_modelledestimate.211031264"},{"type":"Feature","properties":{"mntl_bh_p_me_2_rate_3_11_7_13":12.9967311068901,"area_code":211031266,"area_name":"Ringwood"},"id":"sa2_chronicdisease_modelledestimate.211031266"},{"type":"Feature","properties":{"mntl_bh_p_me_2_rate_3_11_7_13":12.0969965612957,"area_code":211031267,"area_name":"Ringwood East"},"id":"sa2_chronicdisease_modelledestimate.211031267"},{"type":"Feature","properties":{"mntl_bh_p_me_2_rate_3_11_7_13":12.9174877013647,"area_code":211041269,"area_name":"Forest Hill"},"id":"sa2_chronicdisease_modelledestimate.211041269"},{"type":"Feature","properties":{"mntl_bh_p_me_2_rate_3_11_7_13":11.9211126323047,"area_code":211041270,"area_name":"Mitcham (Vic.)"},"id":"sa2_chronicdisease_modelledestimate.211041270"},{"type":"Feature","properties":{"mntl_bh_p_me_2_rate_3_11_7_13":11.8767643068494,"area_code":211051275,"area_name":"Chirnside Park"},"id":"sa2_chronicdisease_modelledestimate.211051275"},{"type":"Feature","properties":{"mntl_bh_p_me_2_rate_3_11_7_13":12.5264465029907,"area_code":211051276,"area_name":"Healesville - Yarra Glen"},"id":"sa2_chronicdisease_modelledestimate.211051276"},{"type":"Feature","properties":{"mntl_bh_p_me_2_rate_3_11_7_13":12.561950509937,"area_code":211041271,"area_name":"Nunawading"},"id":"sa2_chronicdisease_modelledestimate.211041271"},{"type":"Feature","properties":{"mntl_bh_p_me_2_rate_3_11_7_13":11.9211126323047,"area_code":211041272,"area_name":"Vermont"},"id":"sa2_chronicdisease_modelledestimate.211041272"},{"type":"Feature","properties":{"mntl_bh_p_me_2_rate_3_11_7_13":11.9211126323047,"area_code":211041273,"area_name":"Vermont South"},"id":"sa2_chronicdisease_modelledestimate.211041273"},{"type":"Feature","properties":{"mntl_bh_p_me_2_rate_3_11_7_13":11.9013833344494,"area_code":211051274,"area_name":"Belgrave - Selby"},"id":"sa2_chronicdisease_modelledestimate.211051274"},{"type":"Feature","properties":{"mntl_bh_p_me_2_rate_3_11_7_13":12.0353405009851,"area_code":212021293,"area_name":"Berwick - North"},"id":"sa2_chronicdisease_modelledestimate.212021293"},{"type":"Feature","properties":{"mntl_bh_p_me_2_rate_3_11_7_13":10.1794779756552,"area_code":212021294,"area_name":"Berwick - South"},"id":"sa2_chronicdisease_modelledestimate.212021294"},{"type":"Feature","properties":{"mntl_bh_p_me_2_rate_3_11_7_13":12.753761626618,"area_code":211051277,"area_name":"Kilsyth"},"id":"sa2_chronicdisease_modelledestimate.211051277"},{"type":"Feature","properties":{"mntl_bh_p_me_2_rate_3_11_7_13":11.9053609267126,"area_code":211051278,"area_name":"Lilydale - Coldstream"},"id":"sa2_chronicdisease_modelledestimate.211051278"},{"type":"Feature","properties":{"mntl_bh_p_me_2_rate_3_11_7_13":12.9274198114806,"area_code":211051279,"area_name":"Monbulk - Silvan"},"id":"sa2_chronicdisease_modelledestimate.211051279"},{"type":"Feature","properties":{"mntl_bh_p_me_2_rate_3_11_7_13":11.8767643068494,"area_code":211051280,"area_name":"Montrose"},"id":"sa2_chronicdisease_modelledestimate.211051280"},{"type":"Feature","properties":{"mntl_bh_p_me_2_rate_3_11_7_13":11.8767643068494,"area_code":211051281,"area_name":"Mooroolbark"},"id":"sa2_chronicdisease_modelledestimate.211051281"},{"type":"Feature","properties":{"mntl_bh_p_me_2_rate_3_11_7_13":12.9274198114806,"area_code":211051283,"area_name":"Mount Evelyn"},"id":"sa2_chronicdisease_modelledestimate.211051283"},{"type":"Feature","properties":{"mntl_bh_p_me_2_rate_3_11_7_13":10.977014701354,"area_code":212031302,"area_name":"Cranbourne North"},"id":"sa2_chronicdisease_modelledestimate.212031302"},{"type":"Feature","properties":{"mntl_bh_p_me_2_rate_3_11_7_13":11.9013833344494,"area_code":211051284,"area_name":"Upwey - Tecoma"},"id":"sa2_chronicdisease_modelledestimate.211051284"},{"type":"Feature","properties":{"mntl_bh_p_me_2_rate_3_11_7_13":11.9053609267126,"area_code":211051285,"area_name":"Wandin - Seville"},"id":"sa2_chronicdisease_modelledestimate.211051285"},{"type":"Feature","properties":{"mntl_bh_p_me_2_rate_3_11_7_13":14.471144435459,"area_code":211051286,"area_name":"Yarra Valley"},"id":"sa2_chronicdisease_modelledestimate.211051286"},{"type":"Feature","properties":{"mntl_bh_p_me_2_rate_3_11_7_13":10.4733061035083,"area_code":212011287,"area_name":"Beaconsfield - Officer"},"id":"sa2_chronicdisease_modelledestimate.212011287"},{"type":"Feature","properties":{"mntl_bh_p_me_2_rate_3_11_7_13":11.8020888090577,"area_code":212011288,"area_name":"Bunyip - Garfield"},"id":"sa2_chronicdisease_modelledestimate.212011288"},{"type":"Feature","properties":{"mntl_bh_p_me_2_rate_3_11_7_13":10.4733061035083,"area_code":212011289,"area_name":"Emerald - Cockatoo"},"id":"sa2_chronicdisease_modelledestimate.212011289"},{"type":"Feature","properties":{"mntl_bh_p_me_2_rate_3_11_7_13":13.5399410578369,"area_code":212011290,"area_name":"Koo Wee Rup"},"id":"sa2_chronicdisease_modelledestimate.212011290"},{"type":"Feature","properties":{"mntl_bh_p_me_2_rate_3_11_7_13":13.3733574651896,"area_code":212011291,"area_name":"Pakenham - North"},"id":"sa2_chronicdisease_modelledestimate.212011291"},{"type":"Feature","properties":{"mntl_bh_p_me_2_rate_3_11_7_13":13.3733574651896,"area_code":212011292,"area_name":"Pakenham - South"},"id":"sa2_chronicdisease_modelledestimate.212011292"},{"type":"Feature","properties":{"mntl_bh_p_me_2_rate_3_11_7_13":13.4435720310456,"area_code":212021295,"area_name":"Doveton"},"id":"sa2_chronicdisease_modelledestimate.212021295"},{"type":"Feature","properties":{"mntl_bh_p_me_2_rate_3_11_7_13":11.8940088554954,"area_code":212031303,"area_name":"Cranbourne South"},"id":"sa2_chronicdisease_modelledestimate.212031303"},{"type":"Feature","properties":{"mntl_bh_p_me_2_rate_3_11_7_13":13.8968779441389,"area_code":212031304,"area_name":"Cranbourne West"},"id":"sa2_chronicdisease_modelledestimate.212031304"},{"type":"Feature","properties":{"mntl_bh_p_me_2_rate_3_11_7_13":10.7943935277207,"area_code":212021296,"area_name":"Endeavour Hills"},"id":"sa2_chronicdisease_modelledestimate.212021296"},{"type":"Feature","properties":{"mntl_bh_p_me_2_rate_3_11_7_13":11.438092015399,"area_code":212021297,"area_name":"Hallam"},"id":"sa2_chronicdisease_modelledestimate.212021297"},{"type":"Feature","properties":{"mntl_bh_p_me_2_rate_3_11_7_13":12.7077229883608,"area_code":212021298,"area_name":"Narre Warren"},"id":"sa2_chronicdisease_modelledestimate.212021298"},{"type":"Feature","properties":{"mntl_bh_p_me_2_rate_3_11_7_13":12.0353405009851,"area_code":212021299,"area_name":"Narre Warren North"},"id":"sa2_chronicdisease_modelledestimate.212021299"},{"type":"Feature","properties":{"mntl_bh_p_me_2_rate_3_11_7_13":13.8968779441389,"area_code":212031300,"area_name":"Cranbourne"},"id":"sa2_chronicdisease_modelledestimate.212031300"},{"type":"Feature","properties":{"mntl_bh_p_me_2_rate_3_11_7_13":11.8940088554954,"area_code":212031301,"area_name":"Cranbourne East"},"id":"sa2_chronicdisease_modelledestimate.212031301"},{"type":"Feature","properties":{"mntl_bh_p_me_2_rate_3_11_7_13":9.91452321318208,"area_code":212031307,"area_name":"Narre Warren South"},"id":"sa2_chronicdisease_modelledestimate.212031307"},{"type":"Feature","properties":{"mntl_bh_p_me_2_rate_3_11_7_13":11.8940088554954,"area_code":212031308,"area_name":"Pearcedale - Tooradin"},"id":"sa2_chronicdisease_modelledestimate.212031308"},{"type":"Feature","properties":{"mntl_bh_p_me_2_rate_3_11_7_13":11.5287672518022,"area_code":212041309,"area_name":"Clarinda - Oakleigh South"},"id":"sa2_chronicdisease_modelledestimate.212041309"},{"type":"Feature","properties":{"mntl_bh_p_me_2_rate_3_11_7_13":11.5287672518022,"area_code":212041310,"area_name":"Clayton South"},"id":"sa2_chronicdisease_modelledestimate.212041310"},{"type":"Feature","properties":{"mntl_bh_p_me_2_rate_3_11_7_13":11.9744536530258,"area_code":212041312,"area_name":"Dandenong North"},"id":"sa2_chronicdisease_modelledestimate.212041312"},{"type":"Feature","properties":{"mntl_bh_p_me_2_rate_3_11_7_13":13.3956914182293,"area_code":212041311,"area_name":"Dandenong"},"id":"sa2_chronicdisease_modelledestimate.212041311"},{"type":"Feature","properties":{"mntl_bh_p_me_2_rate_3_11_7_13":11.0087691759057,"area_code":212041314,"area_name":"Keysborough"},"id":"sa2_chronicdisease_modelledestimate.212041314"},{"type":"Feature","properties":{"mntl_bh_p_me_2_rate_3_11_7_13":12.7265123764059,"area_code":212041317,"area_name":"Springvale"},"id":"sa2_chronicdisease_modelledestimate.212041317"},{"type":"Feature","properties":{"mntl_bh_p_me_2_rate_3_11_7_13":12.5631835586623,"area_code":212041315,"area_name":"Noble Park"},"id":"sa2_chronicdisease_modelledestimate.212041315"},{"type":"Feature","properties":{"mntl_bh_p_me_2_rate_3_11_7_13":11.9744536530258,"area_code":212041316,"area_name":"Noble Park North"},"id":"sa2_chronicdisease_modelledestimate.212041316"},{"type":"Feature","properties":{"mntl_bh_p_me_2_rate_3_11_7_13":12.7265123764059,"area_code":212041318,"area_name":"Springvale South"},"id":"sa2_chronicdisease_modelledestimate.212041318"},{"type":"Feature","properties":{"mntl_bh_p_me_2_rate_3_11_7_13":12.3947133920325,"area_code":212051319,"area_name":"Ashwood - Chadstone"},"id":"sa2_chronicdisease_modelledestimate.212051319"},{"type":"Feature","properties":{"mntl_bh_p_me_2_rate_3_11_7_13":14.0602982864286,"area_code":212051320,"area_name":"Clayton"},"id":"sa2_chronicdisease_modelledestimate.212051320"},{"type":"Feature","properties":{"mntl_bh_p_me_2_rate_3_11_7_13":12.1774767896291,"area_code":212051321,"area_name":"Glen Waverley - East"},"id":"sa2_chronicdisease_modelledestimate.212051321"},{"type":"Feature","properties":{"mntl_bh_p_me_2_rate_3_11_7_13":12.70120693694,"area_code":212051322,"area_name":"Glen Waverley - West"},"id":"sa2_chronicdisease_modelledestimate.212051322"},{"type":"Feature","properties":{"mntl_bh_p_me_2_rate_3_11_7_13":12.8503414686378,"area_code":213011328,"area_name":"Ardeer - Albion"},"id":"sa2_chronicdisease_modelledestimate.213011328"},{"type":"Feature","properties":{"mntl_bh_p_me_2_rate_3_11_7_13":12.4725018803613,"area_code":212051323,"area_name":"Mount Waverley - North"},"id":"sa2_chronicdisease_modelledestimate.212051323"},{"type":"Feature","properties":{"mntl_bh_p_me_2_rate_3_11_7_13":12.4725018803613,"area_code":212051324,"area_name":"Mount Waverley - South"},"id":"sa2_chronicdisease_modelledestimate.212051324"},{"type":"Feature","properties":{"mntl_bh_p_me_2_rate_3_11_7_13":12.70120693694,"area_code":212051325,"area_name":"Mulgrave"},"id":"sa2_chronicdisease_modelledestimate.212051325"},{"type":"Feature","properties":{"mntl_bh_p_me_2_rate_3_11_7_13":12.3947133920325,"area_code":212051326,"area_name":"Oakleigh - Huntingdale"},"id":"sa2_chronicdisease_modelledestimate.212051326"},{"type":"Feature","properties":{"mntl_bh_p_me_2_rate_3_11_7_13":10.6529397027776,"area_code":213011329,"area_name":"Cairnlea"},"id":"sa2_chronicdisease_modelledestimate.213011329"},{"type":"Feature","properties":{"mntl_bh_p_me_2_rate_3_11_7_13":12.1774767896291,"area_code":212051327,"area_name":"Wheelers Hill"},"id":"sa2_chronicdisease_modelledestimate.212051327"},{"type":"Feature","properties":{"mntl_bh_p_me_2_rate_3_11_7_13":12.1714767724285,"area_code":213011330,"area_name":"Deer Park - Derrimut"},"id":"sa2_chronicdisease_modelledestimate.213011330"},{"type":"Feature","properties":{"mntl_bh_p_me_2_rate_3_11_7_13":11.4335132053706,"area_code":213011331,"area_name":"Delahey"},"id":"sa2_chronicdisease_modelledestimate.213011331"},{"type":"Feature","properties":{"mntl_bh_p_me_2_rate_3_11_7_13":13.6095323549543,"area_code":213011334,"area_name":"St Albans - North"},"id":"sa2_chronicdisease_modelledestimate.213011334"},{"type":"Feature","properties":{"mntl_bh_p_me_2_rate_3_11_7_13":11.0378392490812,"area_code":213011332,"area_name":"Keilor Downs"},"id":"sa2_chronicdisease_modelledestimate.213011332"},{"type":"Feature","properties":{"mntl_bh_p_me_2_rate_3_11_7_13":13.6095323549543,"area_code":213011333,"area_name":"Kings Park (Vic.)"},"id":"sa2_chronicdisease_modelledestimate.213011333"},{"type":"Feature","properties":{"mntl_bh_p_me_2_rate_3_11_7_13":12.8917273051638,"area_code":213011335,"area_name":"St Albans - South"},"id":"sa2_chronicdisease_modelledestimate.213011335"},{"type":"Feature","properties":{"mntl_bh_p_me_2_rate_3_11_7_13":12.8917273051638,"area_code":213011337,"area_name":"Sunshine North"},"id":"sa2_chronicdisease_modelledestimate.213011337"},{"type":"Feature","properties":{"mntl_bh_p_me_2_rate_3_11_7_13":12.8503414686378,"area_code":213011336,"area_name":"Sunshine"},"id":"sa2_chronicdisease_modelledestimate.213011336"},{"type":"Feature","properties":{"mntl_bh_p_me_2_rate_3_11_7_13":12.8503414686378,"area_code":213011338,"area_name":"Sunshine West"},"id":"sa2_chronicdisease_modelledestimate.213011338"},{"type":"Feature","properties":{"mntl_bh_p_me_2_rate_3_11_7_13":12.2439192644117,"area_code":213021343,"area_name":"Altona North"},"id":"sa2_chronicdisease_modelledestimate.213021343"},{"type":"Feature","properties":{"mntl_bh_p_me_2_rate_3_11_7_13":10.5637673692251,"area_code":213021345,"area_name":"Seabrook"},"id":"sa2_chronicdisease_modelledestimate.213021345"},{"type":"Feature","properties":{"mntl_bh_p_me_2_rate_3_11_7_13":11.5580383069513,"area_code":213021344,"area_name":"Newport"},"id":"sa2_chronicdisease_modelledestimate.213021344"},{"type":"Feature","properties":{"mntl_bh_p_me_2_rate_3_11_7_13":11.5580383069513,"area_code":213021346,"area_name":"Williamstown"},"id":"sa2_chronicdisease_modelledestimate.213021346"},{"type":"Feature","properties":{"mntl_bh_p_me_2_rate_3_11_7_13":13.23951199377,"area_code":213031347,"area_name":"Braybrook"},"id":"sa2_chronicdisease_modelledestimate.213031347"},{"type":"Feature","properties":{"mntl_bh_p_me_2_rate_3_11_7_13":12.6765336169425,"area_code":213031351,"area_name":"West Footscray - Tottenham"},"id":"sa2_chronicdisease_modelledestimate.213031351"},{"type":"Feature","properties":{"mntl_bh_p_me_2_rate_3_11_7_13":12.6765336169425,"area_code":213031348,"area_name":"Footscray"},"id":"sa2_chronicdisease_modelledestimate.213031348"},{"type":"Feature","properties":{"mntl_bh_p_me_2_rate_3_11_7_13":11.2512791769621,"area_code":213031352,"area_name":"Yarraville"},"id":"sa2_chronicdisease_modelledestimate.213031352"},{"type":"Feature","properties":{"mntl_bh_p_me_2_rate_3_11_7_13":14.1903553102553,"area_code":213041353,"area_name":"Bacchus Marsh"},"id":"sa2_chronicdisease_modelledestimate.213041353"},{"type":"Feature","properties":{"mntl_bh_p_me_2_rate_3_11_7_13":11.1911140658916,"area_code":213031349,"area_name":"Maribyrnong"},"id":"sa2_chronicdisease_modelledestimate.213031349"},{"type":"Feature","properties":{"mntl_bh_p_me_2_rate_3_11_7_13":11.2512791769621,"area_code":213031350,"area_name":"Seddon - Kingsville"},"id":"sa2_chronicdisease_modelledestimate.213031350"},{"type":"Feature","properties":{"mntl_bh_p_me_2_rate_3_11_7_13":10.1639332143571,"area_code":213041354,"area_name":"Caroline Springs"},"id":"sa2_chronicdisease_modelledestimate.213041354"},{"type":"Feature","properties":{"mntl_bh_p_me_2_rate_3_11_7_13":9.8811433972685,"area_code":213041355,"area_name":"Hillside"},"id":"sa2_chronicdisease_modelledestimate.213041355"},{"type":"Feature","properties":{"mntl_bh_p_me_2_rate_3_11_7_13":14.3157811383152,"area_code":213041356,"area_name":"Melton"},"id":"sa2_chronicdisease_modelledestimate.213041356"},{"type":"Feature","properties":{"mntl_bh_p_me_2_rate_3_11_7_13":14.3157811383152,"area_code":213041357,"area_name":"Melton South"},"id":"sa2_chronicdisease_modelledestimate.213041357"},{"type":"Feature","properties":{"mntl_bh_p_me_2_rate_3_11_7_13":12.7204548562,"area_code":213041358,"area_name":"Melton West"},"id":"sa2_chronicdisease_modelledestimate.213041358"},{"type":"Feature","properties":{"mntl_bh_p_me_2_rate_3_11_7_13":14.3157811383152,"area_code":213041359,"area_name":"Rockbank - Mount Cottrell"},"id":"sa2_chronicdisease_modelledestimate.213041359"},{"type":"Feature","properties":{"mntl_bh_p_me_2_rate_3_11_7_13":9.8811433972685,"area_code":213041360,"area_name":"Taylors Hill"},"id":"sa2_chronicdisease_modelledestimate.213041360"},{"type":"Feature","properties":{"mntl_bh_p_me_2_rate_3_11_7_13":10.9413897285598,"area_code":213051361,"area_name":"Hoppers Crossing - North"},"id":"sa2_chronicdisease_modelledestimate.213051361"},{"type":"Feature","properties":{"mntl_bh_p_me_2_rate_3_11_7_13":11.6376534968261,"area_code":213051362,"area_name":"Hoppers Crossing - South"},"id":"sa2_chronicdisease_modelledestimate.213051362"},{"type":"Feature","properties":{"mntl_bh_p_me_2_rate_3_11_7_13":12.7840307024273,"area_code":213051363,"area_name":"Laverton"},"id":"sa2_chronicdisease_modelledestimate.213051363"},{"type":"Feature","properties":{"mntl_bh_p_me_2_rate_3_11_7_13":9.89525032478693,"area_code":213051364,"area_name":"Point Cook"},"id":"sa2_chronicdisease_modelledestimate.213051364"},{"type":"Feature","properties":{"mntl_bh_p_me_2_rate_3_11_7_13":12.2776305983235,"area_code":213051365,"area_name":"Tarneit"},"id":"sa2_chronicdisease_modelledestimate.213051365"},{"type":"Feature","properties":{"mntl_bh_p_me_2_rate_3_11_7_13":10.9413897285598,"area_code":213051366,"area_name":"Truganina"},"id":"sa2_chronicdisease_modelledestimate.213051366"},{"type":"Feature","properties":{"mntl_bh_p_me_2_rate_3_11_7_13":13.1198822361051,"area_code":213051367,"area_name":"Werribee"},"id":"sa2_chronicdisease_modelledestimate.213051367"},{"type":"Feature","properties":{"mntl_bh_p_me_2_rate_3_11_7_13":11.6376534968261,"area_code":213051368,"area_name":"Werribee - South"},"id":"sa2_chronicdisease_modelledestimate.213051368"},{"type":"Feature","properties":{"mntl_bh_p_me_2_rate_3_11_7_13":11.1719081743963,"area_code":213051369,"area_name":"Wyndham Vale"},"id":"sa2_chronicdisease_modelledestimate.213051369"},{"type":"Feature","properties":{"mntl_bh_p_me_2_rate_3_11_7_13":14.0836760047149,"area_code":214011370,"area_name":"Carrum Downs"},"id":"sa2_chronicdisease_modelledestimate.214011370"},{"type":"Feature","properties":{"mntl_bh_p_me_2_rate_3_11_7_13":16.0503859600798,"area_code":214011371,"area_name":"Frankston"},"id":"sa2_chronicdisease_modelledestimate.214011371"},{"type":"Feature","properties":{"mntl_bh_p_me_2_rate_3_11_7_13":12.1586715891015,"area_code":214011373,"area_name":"Frankston South"},"id":"sa2_chronicdisease_modelledestimate.214011373"},{"type":"Feature","properties":{"mntl_bh_p_me_2_rate_3_11_7_13":11.1460352111888,"area_code":214011374,"area_name":"Langwarrin"},"id":"sa2_chronicdisease_modelledestimate.214011374"},{"type":"Feature","properties":{"mntl_bh_p_me_2_rate_3_11_7_13":14.0836760047149,"area_code":214011375,"area_name":"Seaford (Vic.)"},"id":"sa2_chronicdisease_modelledestimate.214011375"},{"type":"Feature","properties":{"mntl_bh_p_me_2_rate_3_11_7_13":11.1460352111888,"area_code":214011376,"area_name":"Skye - Sandhurst"},"id":"sa2_chronicdisease_modelledestimate.214011376"},{"type":"Feature","properties":{"mntl_bh_p_me_2_rate_3_11_7_13":14.1511168040443,"area_code":214021377,"area_name":"Dromana"},"id":"sa2_chronicdisease_modelledestimate.214021377"},{"type":"Feature","properties":{"mntl_bh_p_me_2_rate_3_11_7_13":11.5560927898979,"area_code":214021378,"area_name":"Flinders"},"id":"sa2_chronicdisease_modelledestimate.214021378"},{"type":"Feature","properties":{"mntl_bh_p_me_2_rate_3_11_7_13":14.988798599568,"area_code":214021379,"area_name":"Hastings - Somers"},"id":"sa2_chronicdisease_modelledestimate.214021379"},{"type":"Feature","properties":{"mntl_bh_p_me_2_rate_3_11_7_13":12.8183871453371,"area_code":214021380,"area_name":"Mornington"},"id":"sa2_chronicdisease_modelledestimate.214021380"},{"type":"Feature","properties":{"mntl_bh_p_me_2_rate_3_11_7_13":11.2893603390489,"area_code":214021381,"area_name":"Mount Eliza"},"id":"sa2_chronicdisease_modelledestimate.214021381"},{"type":"Feature","properties":{"mntl_bh_p_me_2_rate_3_11_7_13":11.5560927898979,"area_code":214021382,"area_name":"Mount Martha"},"id":"sa2_chronicdisease_modelledestimate.214021382"},{"type":"Feature","properties":{"mntl_bh_p_me_2_rate_3_11_7_13":13.442626689192,"area_code":214021383,"area_name":"Point Nepean"},"id":"sa2_chronicdisease_modelledestimate.214021383"},{"type":"Feature","properties":{"mntl_bh_p_me_2_rate_3_11_7_13":16.4620917559678,"area_code":214021384,"area_name":"Rosebud - McCrae"},"id":"sa2_chronicdisease_modelledestimate.214021384"},{"type":"Feature","properties":{"mntl_bh_p_me_2_rate_3_11_7_13":12.8183871453371,"area_code":214021385,"area_name":"Somerville"},"id":"sa2_chronicdisease_modelledestimate.214021385"}]}