{"type":"FeatureCollection","bbox":[0.0,0.0,-1.0,-1.0],"features":[{"type":"Feature","properties":{"mntl_bh_p_me_2_rate_3_11_7_13":14.1430371356329,"area_code":504011046,"area_name":"Maylands"},"id":"sa2_chronicdisease_modelledestimate.504011046"},{"type":"Feature","properties":{"mntl_bh_p_me_2_rate_3_11_7_13":13.7273319643078,"area_code":504021053,"area_name":"Mundaring"},"id":"sa2_chronicdisease_modelledestimate.504021053"},{"type":"Feature","properties":{"mntl_bh_p_me_2_rate_3_11_7_13":14.0493266855923,"area_code":507011153,"area_name":"Coolbellup"},"id":"sa2_chronicdisease_modelledestimate.507011153"},{"type":"Feature","properties":{"mntl_bh_p_me_2_rate_3_11_7_13":13.773798548693,"area_code":507011154,"area_name":"Hamilton Hill"},"id":"sa2_chronicdisease_modelledestimate.507011154"},{"type":"Feature","properties":{"mntl_bh_p_me_2_rate_3_11_7_13":12.2086744082044,"area_code":504031056,"area_name":"Ballajura"},"id":"sa2_chronicdisease_modelledestimate.504031056"},{"type":"Feature","properties":{"mntl_bh_p_me_2_rate_3_11_7_13":13.2707197587449,"area_code":505031102,"area_name":"Girrawheen"},"id":"sa2_chronicdisease_modelledestimate.505031102"},{"type":"Feature","properties":{"mntl_bh_p_me_2_rate_3_11_7_13":12.8585696713712,"area_code":506031131,"area_name":"Willetton"},"id":"sa2_chronicdisease_modelledestimate.506031131"},{"type":"Feature","properties":{"mntl_bh_p_me_2_rate_3_11_7_13":12.8585696713712,"area_code":506031126,"area_name":"Canning Vale Commercial"},"id":"sa2_chronicdisease_modelledestimate.506031126"},{"type":"Feature","properties":{"mntl_bh_p_me_2_rate_3_11_7_13":15.0139544341298,"area_code":507021167,"area_name":"O'Connor (WA)"},"id":"sa2_chronicdisease_modelledestimate.507021167"},{"type":"Feature","properties":{"mntl_bh_p_me_2_rate_3_11_7_13":12.8201724656623,"area_code":505011073,"area_name":"Greenwood - Warwick"},"id":"sa2_chronicdisease_modelledestimate.505011073"},{"type":"Feature","properties":{"mntl_bh_p_me_2_rate_3_11_7_13":15.2373115567262,"area_code":502011021,"area_name":"Dawesville - Bouvard"},"id":"sa2_chronicdisease_modelledestimate.502011021"},{"type":"Feature","properties":{"mntl_bh_p_me_2_rate_3_11_7_13":15.2373115567262,"area_code":502011022,"area_name":"Falcon - Wannanup"},"id":"sa2_chronicdisease_modelledestimate.502011022"},{"type":"Feature","properties":{"mntl_bh_p_me_2_rate_3_11_7_13":18.6665901364413,"area_code":502011023,"area_name":"Greenfields"},"id":"sa2_chronicdisease_modelledestimate.502011023"},{"type":"Feature","properties":{"mntl_bh_p_me_2_rate_3_11_7_13":15.0417234296311,"area_code":502011024,"area_name":"Halls Head - Erskine"},"id":"sa2_chronicdisease_modelledestimate.502011024"},{"type":"Feature","properties":{"mntl_bh_p_me_2_rate_3_11_7_13":12.8693013139592,"area_code":504031059,"area_name":"Ellenbrook"},"id":"sa2_chronicdisease_modelledestimate.504031059"},{"type":"Feature","properties":{"mntl_bh_p_me_2_rate_3_11_7_13":18.6665901364413,"area_code":502011025,"area_name":"Mandurah"},"id":"sa2_chronicdisease_modelledestimate.502011025"},{"type":"Feature","properties":{"mntl_bh_p_me_2_rate_3_11_7_13":14.451576695667,"area_code":502011026,"area_name":"Mandurah - East"},"id":"sa2_chronicdisease_modelledestimate.502011026"},{"type":"Feature","properties":{"mntl_bh_p_me_2_rate_3_11_7_13":13.9480379472444,"area_code":502011027,"area_name":"Mandurah - North"},"id":"sa2_chronicdisease_modelledestimate.502011027"},{"type":"Feature","properties":{"mntl_bh_p_me_2_rate_3_11_7_13":18.6665901364413,"area_code":502011028,"area_name":"Mandurah - South"},"id":"sa2_chronicdisease_modelledestimate.502011028"},{"type":"Feature","properties":{"mntl_bh_p_me_2_rate_3_11_7_13":14.9991453521667,"area_code":502011029,"area_name":"Pinjarra"},"id":"sa2_chronicdisease_modelledestimate.502011029"},{"type":"Feature","properties":{"mntl_bh_p_me_2_rate_3_11_7_13":12.6675682119955,"area_code":503011030,"area_name":"City Beach"},"id":"sa2_chronicdisease_modelledestimate.503011030"},{"type":"Feature","properties":{"mntl_bh_p_me_2_rate_3_11_7_13":13.8496474386609,"area_code":503011031,"area_name":"Claremont (WA)"},"id":"sa2_chronicdisease_modelledestimate.503011031"},{"type":"Feature","properties":{"mntl_bh_p_me_2_rate_3_11_7_13":13.8496474386609,"area_code":503011032,"area_name":"Cottesloe"},"id":"sa2_chronicdisease_modelledestimate.503011032"},{"type":"Feature","properties":{"mntl_bh_p_me_2_rate_3_11_7_13":12.6675682119955,"area_code":503011033,"area_name":"Floreat"},"id":"sa2_chronicdisease_modelledestimate.503011033"},{"type":"Feature","properties":{"mntl_bh_p_me_2_rate_3_11_7_13":13.8496474386609,"area_code":503011034,"area_name":"Mosman Park - Peppermint Grove"},"id":"sa2_chronicdisease_modelledestimate.503011034"},{"type":"Feature","properties":{"mntl_bh_p_me_2_rate_3_11_7_13":13.9104748202487,"area_code":503011035,"area_name":"Nedlands - Dalkeith - Crawley"},"id":"sa2_chronicdisease_modelledestimate.503011035"},{"type":"Feature","properties":{"mntl_bh_p_me_2_rate_3_11_7_13":13.9104748202487,"area_code":503011036,"area_name":"Swanbourne - Mount Claremont"},"id":"sa2_chronicdisease_modelledestimate.503011036"},{"type":"Feature","properties":{"mntl_bh_p_me_2_rate_3_11_7_13":15.8566639500045,"area_code":503021037,"area_name":"Kings Park (WA)"},"id":"sa2_chronicdisease_modelledestimate.503021037"},{"type":"Feature","properties":{"mntl_bh_p_me_2_rate_3_11_7_13":13.846426115567,"area_code":503021038,"area_name":"Mount Hawthorn - Leederville"},"id":"sa2_chronicdisease_modelledestimate.503021038"},{"type":"Feature","properties":{"mntl_bh_p_me_2_rate_3_11_7_13":13.9045753943737,"area_code":503021039,"area_name":"Mount Lawley - Inglewood"},"id":"sa2_chronicdisease_modelledestimate.503021039"},{"type":"Feature","properties":{"mntl_bh_p_me_2_rate_3_11_7_13":13.846426115567,"area_code":503021040,"area_name":"North Perth"},"id":"sa2_chronicdisease_modelledestimate.503021040"},{"type":"Feature","properties":{"mntl_bh_p_me_2_rate_3_11_7_13":15.8566639500045,"area_code":503021041,"area_name":"Perth City"},"id":"sa2_chronicdisease_modelledestimate.503021041"},{"type":"Feature","properties":{"mntl_bh_p_me_2_rate_3_11_7_13":13.8269711657158,"area_code":503021042,"area_name":"Subiaco - Shenton Park"},"id":"sa2_chronicdisease_modelledestimate.503021042"},{"type":"Feature","properties":{"mntl_bh_p_me_2_rate_3_11_7_13":11.8771643636448,"area_code":504031063,"area_name":"Malaga"},"id":"sa2_chronicdisease_modelledestimate.504031063"},{"type":"Feature","properties":{"mntl_bh_p_me_2_rate_3_11_7_13":13.8269711657158,"area_code":503021043,"area_name":"Wembley - West Leederville - Glendalough"},"id":"sa2_chronicdisease_modelledestimate.503021043"},{"type":"Feature","properties":{"mntl_bh_p_me_2_rate_3_11_7_13":14.2061309366713,"area_code":504011044,"area_name":"Bassendean - Eden Hill - Ashfield"},"id":"sa2_chronicdisease_modelledestimate.504011044"},{"type":"Feature","properties":{"mntl_bh_p_me_2_rate_3_11_7_13":12.2086744082044,"area_code":504031064,"area_name":"Melaleuca - Lexia"},"id":"sa2_chronicdisease_modelledestimate.504031064"},{"type":"Feature","properties":{"mntl_bh_p_me_2_rate_3_11_7_13":14.1430371356329,"area_code":504011045,"area_name":"Bayswater - Embleton - Bedford"},"id":"sa2_chronicdisease_modelledestimate.504011045"},{"type":"Feature","properties":{"mntl_bh_p_me_2_rate_3_11_7_13":14.4411471224093,"area_code":504011047,"area_name":"Morley"},"id":"sa2_chronicdisease_modelledestimate.504011047"},{"type":"Feature","properties":{"mntl_bh_p_me_2_rate_3_11_7_13":13.1247097069518,"area_code":504011048,"area_name":"Noranda"},"id":"sa2_chronicdisease_modelledestimate.504011048"},{"type":"Feature","properties":{"mntl_bh_p_me_2_rate_3_11_7_13":13.7273319643078,"area_code":504021049,"area_name":"Chidlow"},"id":"sa2_chronicdisease_modelledestimate.504021049"},{"type":"Feature","properties":{"mntl_bh_p_me_2_rate_3_11_7_13":11.941220046418,"area_code":504021050,"area_name":"Glen Forrest - Darlington"},"id":"sa2_chronicdisease_modelledestimate.504021050"},{"type":"Feature","properties":{"mntl_bh_p_me_2_rate_3_11_7_13":11.941220046418,"area_code":504021051,"area_name":"Helena Valley - Koongamia"},"id":"sa2_chronicdisease_modelledestimate.504021051"},{"type":"Feature","properties":{"mntl_bh_p_me_2_rate_3_11_7_13":13.7273319643078,"area_code":504021052,"area_name":"Malmalling - Reservoir"},"id":"sa2_chronicdisease_modelledestimate.504021052"},{"type":"Feature","properties":{"mntl_bh_p_me_2_rate_3_11_7_13":14.8802263733351,"area_code":504021054,"area_name":"Swan View - Greenmount - Midvale"},"id":"sa2_chronicdisease_modelledestimate.504021054"},{"type":"Feature","properties":{"mntl_bh_p_me_2_rate_3_11_7_13":12.2086744082044,"area_code":504031055,"area_name":"Avon Valley National Park"},"id":"sa2_chronicdisease_modelledestimate.504031055"},{"type":"Feature","properties":{"mntl_bh_p_me_2_rate_3_11_7_13":11.8771643636448,"area_code":504031057,"area_name":"Beechboro"},"id":"sa2_chronicdisease_modelledestimate.504031057"},{"type":"Feature","properties":{"mntl_bh_p_me_2_rate_3_11_7_13":14.8647466145701,"area_code":504031067,"area_name":"Stratton - Jane Brook"},"id":"sa2_chronicdisease_modelledestimate.504031067"},{"type":"Feature","properties":{"mntl_bh_p_me_2_rate_3_11_7_13":12.2086744082044,"area_code":504031058,"area_name":"Bullsbrook"},"id":"sa2_chronicdisease_modelledestimate.504031058"},{"type":"Feature","properties":{"mntl_bh_p_me_2_rate_3_11_7_13":12.8693013139592,"area_code":504031060,"area_name":"Gidgegannup"},"id":"sa2_chronicdisease_modelledestimate.504031060"},{"type":"Feature","properties":{"mntl_bh_p_me_2_rate_3_11_7_13":13.5868446253953,"area_code":504031061,"area_name":"Hazelmere - South Guildford"},"id":"sa2_chronicdisease_modelledestimate.504031061"},{"type":"Feature","properties":{"mntl_bh_p_me_2_rate_3_11_7_13":13.6250613250107,"area_code":504031062,"area_name":"Lockridge - Kiara"},"id":"sa2_chronicdisease_modelledestimate.504031062"},{"type":"Feature","properties":{"mntl_bh_p_me_2_rate_3_11_7_13":14.8647466145701,"area_code":504031065,"area_name":"Middle Swan - Herne Hill"},"id":"sa2_chronicdisease_modelledestimate.504031065"},{"type":"Feature","properties":{"mntl_bh_p_me_2_rate_3_11_7_13":13.6250613250107,"area_code":504031066,"area_name":"Midland - Guildford"},"id":"sa2_chronicdisease_modelledestimate.504031066"},{"type":"Feature","properties":{"mntl_bh_p_me_2_rate_3_11_7_13":12.9264760222691,"area_code":505011072,"area_name":"Duncraig"},"id":"sa2_chronicdisease_modelledestimate.505011072"},{"type":"Feature","properties":{"mntl_bh_p_me_2_rate_3_11_7_13":12.8693013139592,"area_code":504031068,"area_name":"The Vines"},"id":"sa2_chronicdisease_modelledestimate.504031068"},{"type":"Feature","properties":{"mntl_bh_p_me_2_rate_3_11_7_13":12.2086744082044,"area_code":504031069,"area_name":"Walyunga National Park"},"id":"sa2_chronicdisease_modelledestimate.504031069"},{"type":"Feature","properties":{"mntl_bh_p_me_2_rate_3_11_7_13":13.7097429732864,"area_code":505011070,"area_name":"Craigie - Beldon"},"id":"sa2_chronicdisease_modelledestimate.505011070"},{"type":"Feature","properties":{"mntl_bh_p_me_2_rate_3_11_7_13":12.8920737977905,"area_code":505011071,"area_name":"Currambine - Kinross"},"id":"sa2_chronicdisease_modelledestimate.505011071"},{"type":"Feature","properties":{"mntl_bh_p_me_2_rate_3_11_7_13":14.061709382971,"area_code":505011074,"area_name":"Heathridge - Connolly"},"id":"sa2_chronicdisease_modelledestimate.505011074"},{"type":"Feature","properties":{"mntl_bh_p_me_2_rate_3_11_7_13":12.8534702202701,"area_code":505011076,"area_name":"Iluka - Burns Beach"},"id":"sa2_chronicdisease_modelledestimate.505011076"},{"type":"Feature","properties":{"mntl_bh_p_me_2_rate_3_11_7_13":12.9264760222691,"area_code":505011075,"area_name":"Hillarys"},"id":"sa2_chronicdisease_modelledestimate.505011075"},{"type":"Feature","properties":{"mntl_bh_p_me_2_rate_3_11_7_13":14.061709382971,"area_code":505011077,"area_name":"Joondalup - Edgewater"},"id":"sa2_chronicdisease_modelledestimate.505011077"},{"type":"Feature","properties":{"mntl_bh_p_me_2_rate_3_11_7_13":12.7197374229626,"area_code":505011078,"area_name":"Kingsley"},"id":"sa2_chronicdisease_modelledestimate.505011078"},{"type":"Feature","properties":{"mntl_bh_p_me_2_rate_3_11_7_13":12.8534702202701,"area_code":505011079,"area_name":"Mullaloo - Kallaroo"},"id":"sa2_chronicdisease_modelledestimate.505011079"},{"type":"Feature","properties":{"mntl_bh_p_me_2_rate_3_11_7_13":13.7520328651891,"area_code":505021088,"area_name":"Innaloo - Doubleview"},"id":"sa2_chronicdisease_modelledestimate.505021088"},{"type":"Feature","properties":{"mntl_bh_p_me_2_rate_3_11_7_13":12.8534702202701,"area_code":505011080,"area_name":"Ocean Reef"},"id":"sa2_chronicdisease_modelledestimate.505011080"},{"type":"Feature","properties":{"mntl_bh_p_me_2_rate_3_11_7_13":12.7197374229626,"area_code":505011081,"area_name":"Padbury"},"id":"sa2_chronicdisease_modelledestimate.505011081"},{"type":"Feature","properties":{"mntl_bh_p_me_2_rate_3_11_7_13":12.9264760222691,"area_code":505011082,"area_name":"Sorrento - Marmion"},"id":"sa2_chronicdisease_modelledestimate.505011082"},{"type":"Feature","properties":{"mntl_bh_p_me_2_rate_3_11_7_13":12.7197374229626,"area_code":505011083,"area_name":"Woodvale"},"id":"sa2_chronicdisease_modelledestimate.505011083"},{"type":"Feature","properties":{"mntl_bh_p_me_2_rate_3_11_7_13":14.2665231771257,"area_code":505021084,"area_name":"Balcatta - Hamersley"},"id":"sa2_chronicdisease_modelledestimate.505021084"},{"type":"Feature","properties":{"mntl_bh_p_me_2_rate_3_11_7_13":14.2665231771257,"area_code":505021091,"area_name":"Osborne Park Industrial"},"id":"sa2_chronicdisease_modelledestimate.505021091"},{"type":"Feature","properties":{"mntl_bh_p_me_2_rate_3_11_7_13":15.059616498355,"area_code":505021085,"area_name":"Balga - Mirrabooka"},"id":"sa2_chronicdisease_modelledestimate.505021085"},{"type":"Feature","properties":{"mntl_bh_p_me_2_rate_3_11_7_13":14.1954113323193,"area_code":505021092,"area_name":"Scarborough"},"id":"sa2_chronicdisease_modelledestimate.505021092"},{"type":"Feature","properties":{"mntl_bh_p_me_2_rate_3_11_7_13":13.9847194989739,"area_code":505021086,"area_name":"Dianella"},"id":"sa2_chronicdisease_modelledestimate.505021086"},{"type":"Feature","properties":{"mntl_bh_p_me_2_rate_3_11_7_13":14.2665231771257,"area_code":505021087,"area_name":"Herdsman"},"id":"sa2_chronicdisease_modelledestimate.505021087"},{"type":"Feature","properties":{"mntl_bh_p_me_2_rate_3_11_7_13":13.7520328651891,"area_code":505021089,"area_name":"Karrinyup - Gwelup - Carine"},"id":"sa2_chronicdisease_modelledestimate.505021089"},{"type":"Feature","properties":{"mntl_bh_p_me_2_rate_3_11_7_13":15.059616498355,"area_code":505021090,"area_name":"Nollamara - Westminster"},"id":"sa2_chronicdisease_modelledestimate.505021090"},{"type":"Feature","properties":{"mntl_bh_p_me_2_rate_3_11_7_13":14.2665231771257,"area_code":505021093,"area_name":"Stirling - Osborne Park"},"id":"sa2_chronicdisease_modelledestimate.505021093"},{"type":"Feature","properties":{"mntl_bh_p_me_2_rate_3_11_7_13":14.2665231771257,"area_code":505021095,"area_name":"Tuart Hill - Joondanna"},"id":"sa2_chronicdisease_modelledestimate.505021095"},{"type":"Feature","properties":{"mntl_bh_p_me_2_rate_3_11_7_13":14.1954113323193,"area_code":505021094,"area_name":"Trigg - North Beach - Watermans Bay"},"id":"sa2_chronicdisease_modelledestimate.505021094"},{"type":"Feature","properties":{"mntl_bh_p_me_2_rate_3_11_7_13":14.1954113323193,"area_code":505021096,"area_name":"Wembley Downs - Churchlands - Woodlands"},"id":"sa2_chronicdisease_modelledestimate.505021096"},{"type":"Feature","properties":{"mntl_bh_p_me_2_rate_3_11_7_13":14.7063125231044,"area_code":505031099,"area_name":"Butler - Merriwa - Ridgewood"},"id":"sa2_chronicdisease_modelledestimate.505031099"},{"type":"Feature","properties":{"mntl_bh_p_me_2_rate_3_11_7_13":13.9847194989739,"area_code":505021097,"area_name":"Yokine - Coolbinia - Menora"},"id":"sa2_chronicdisease_modelledestimate.505021097"},{"type":"Feature","properties":{"mntl_bh_p_me_2_rate_3_11_7_13":13.2707197587449,"area_code":505031098,"area_name":"Alexander Heights - Koondoola"},"id":"sa2_chronicdisease_modelledestimate.505031098"},{"type":"Feature","properties":{"mntl_bh_p_me_2_rate_3_11_7_13":12.0536909321368,"area_code":505031100,"area_name":"Carramar"},"id":"sa2_chronicdisease_modelledestimate.505031100"},{"type":"Feature","properties":{"mntl_bh_p_me_2_rate_3_11_7_13":14.7063125231044,"area_code":505031101,"area_name":"Clarkson"},"id":"sa2_chronicdisease_modelledestimate.505031101"},{"type":"Feature","properties":{"mntl_bh_p_me_2_rate_3_11_7_13":12.0280644200961,"area_code":505031103,"area_name":"Madeley - Darch - Landsdale"},"id":"sa2_chronicdisease_modelledestimate.505031103"},{"type":"Feature","properties":{"mntl_bh_p_me_2_rate_3_11_7_13":13.2707197587449,"area_code":505031104,"area_name":"Marangaroo"},"id":"sa2_chronicdisease_modelledestimate.505031104"},{"type":"Feature","properties":{"mntl_bh_p_me_2_rate_3_11_7_13":14.7063125231044,"area_code":505031106,"area_name":"Neerabup National Park"},"id":"sa2_chronicdisease_modelledestimate.505031106"},{"type":"Feature","properties":{"mntl_bh_p_me_2_rate_3_11_7_13":13.3128271977275,"area_code":505031105,"area_name":"Mindarie - Quinns Rocks - Jindalee"},"id":"sa2_chronicdisease_modelledestimate.505031105"},{"type":"Feature","properties":{"mntl_bh_p_me_2_rate_3_11_7_13":13.1557344112565,"area_code":507011162,"area_name":"Wattleup"},"id":"sa2_chronicdisease_modelledestimate.507011162"},{"type":"Feature","properties":{"mntl_bh_p_me_2_rate_3_11_7_13":12.0536909321368,"area_code":505031107,"area_name":"Tapping - Ashby - Sinagra"},"id":"sa2_chronicdisease_modelledestimate.505031107"},{"type":"Feature","properties":{"mntl_bh_p_me_2_rate_3_11_7_13":12.1810668298685,"area_code":506011113,"area_name":"Forrestdale - Harrisdale - Piara Waters"},"id":"sa2_chronicdisease_modelledestimate.506011113"},{"type":"Feature","properties":{"mntl_bh_p_me_2_rate_3_11_7_13":15.3111419034273,"area_code":506021121,"area_name":"Perth Airport"},"id":"sa2_chronicdisease_modelledestimate.506021121"},{"type":"Feature","properties":{"mntl_bh_p_me_2_rate_3_11_7_13":13.2691708048975,"area_code":505031108,"area_name":"Wanneroo"},"id":"sa2_chronicdisease_modelledestimate.505031108"},{"type":"Feature","properties":{"mntl_bh_p_me_2_rate_3_11_7_13":14.695516800369,"area_code":505031109,"area_name":"Yanchep"},"id":"sa2_chronicdisease_modelledestimate.505031109"},{"type":"Feature","properties":{"mntl_bh_p_me_2_rate_3_11_7_13":14.0629637494832,"area_code":506011117,"area_name":"Seville Grove"},"id":"sa2_chronicdisease_modelledestimate.506011117"},{"type":"Feature","properties":{"mntl_bh_p_me_2_rate_3_11_7_13":15.3111419034273,"area_code":506021118,"area_name":"Belmont - Ascot - Redcliffe"},"id":"sa2_chronicdisease_modelledestimate.506021118"},{"type":"Feature","properties":{"mntl_bh_p_me_2_rate_3_11_7_13":18.232895387707,"area_code":506011110,"area_name":"Armadale - Wungong - Brookdale"},"id":"sa2_chronicdisease_modelledestimate.506011110"},{"type":"Feature","properties":{"mntl_bh_p_me_2_rate_3_11_7_13":14.7826061136156,"area_code":506021119,"area_name":"East Victoria Park - Carlisle"},"id":"sa2_chronicdisease_modelledestimate.506021119"},{"type":"Feature","properties":{"mntl_bh_p_me_2_rate_3_11_7_13":13.1042344007899,"area_code":506011111,"area_name":"Ashendon - Lesley"},"id":"sa2_chronicdisease_modelledestimate.506011111"},{"type":"Feature","properties":{"mntl_bh_p_me_2_rate_3_11_7_13":14.6680544027683,"area_code":506011112,"area_name":"Camillo - Champion Lakes"},"id":"sa2_chronicdisease_modelledestimate.506011112"},{"type":"Feature","properties":{"mntl_bh_p_me_2_rate_3_11_7_13":14.6680544027683,"area_code":506011114,"area_name":"Kelmscott"},"id":"sa2_chronicdisease_modelledestimate.506011114"},{"type":"Feature","properties":{"mntl_bh_p_me_2_rate_3_11_7_13":15.3111419034273,"area_code":506021120,"area_name":"Kewdale Commercial"},"id":"sa2_chronicdisease_modelledestimate.506021120"},{"type":"Feature","properties":{"mntl_bh_p_me_2_rate_3_11_7_13":13.1042344007899,"area_code":506011115,"area_name":"Mount Nasura - Mount Richon - Bedfordale"},"id":"sa2_chronicdisease_modelledestimate.506011115"},{"type":"Feature","properties":{"mntl_bh_p_me_2_rate_3_11_7_13":12.8585696713712,"area_code":506031125,"area_name":"Canning Vale - West"},"id":"sa2_chronicdisease_modelledestimate.506031125"},{"type":"Feature","properties":{"mntl_bh_p_me_2_rate_3_11_7_13":13.1042344007899,"area_code":506011116,"area_name":"Roleystone"},"id":"sa2_chronicdisease_modelledestimate.506011116"},{"type":"Feature","properties":{"mntl_bh_p_me_2_rate_3_11_7_13":15.3111419034273,"area_code":506021122,"area_name":"Rivervale - Kewdale - Cloverdale"},"id":"sa2_chronicdisease_modelledestimate.506021122"},{"type":"Feature","properties":{"mntl_bh_p_me_2_rate_3_11_7_13":14.7826061136156,"area_code":506021123,"area_name":"Victoria Park - Lathlain - Burswood"},"id":"sa2_chronicdisease_modelledestimate.506021123"},{"type":"Feature","properties":{"mntl_bh_p_me_2_rate_3_11_7_13":15.9944164877955,"area_code":506031124,"area_name":"Bentley - Wilson - St James"},"id":"sa2_chronicdisease_modelledestimate.506031124"},{"type":"Feature","properties":{"mntl_bh_p_me_2_rate_3_11_7_13":12.8585696713712,"area_code":506031129,"area_name":"Riverton - Shelley - Rossmoyne"},"id":"sa2_chronicdisease_modelledestimate.506031129"},{"type":"Feature","properties":{"mntl_bh_p_me_2_rate_3_11_7_13":15.9944164877955,"area_code":506031127,"area_name":"Cannington - Queens Park"},"id":"sa2_chronicdisease_modelledestimate.506031127"},{"type":"Feature","properties":{"mntl_bh_p_me_2_rate_3_11_7_13":15.9944164877955,"area_code":506031130,"area_name":"Welshpool"},"id":"sa2_chronicdisease_modelledestimate.506031130"},{"type":"Feature","properties":{"mntl_bh_p_me_2_rate_3_11_7_13":13.8502196072856,"area_code":506031128,"area_name":"Parkwood - Ferndale - Lynwood"},"id":"sa2_chronicdisease_modelledestimate.506031128"},{"type":"Feature","properties":{"mntl_bh_p_me_2_rate_3_11_7_13":15.876541710049,"area_code":506041132,"area_name":"Beckenham - Kenwick - Langford"},"id":"sa2_chronicdisease_modelledestimate.506041132"},{"type":"Feature","properties":{"mntl_bh_p_me_2_rate_3_11_7_13":13.0035405848136,"area_code":507041180,"area_name":"Leeming"},"id":"sa2_chronicdisease_modelledestimate.507041180"},{"type":"Feature","properties":{"mntl_bh_p_me_2_rate_3_11_7_13":11.832409737388,"area_code":506041133,"area_name":"Canning Vale - East"},"id":"sa2_chronicdisease_modelledestimate.506041133"},{"type":"Feature","properties":{"mntl_bh_p_me_2_rate_3_11_7_13":15.876541710049,"area_code":506041134,"area_name":"Gosnells"},"id":"sa2_chronicdisease_modelledestimate.506041134"},{"type":"Feature","properties":{"mntl_bh_p_me_2_rate_3_11_7_13":13.0969530419145,"area_code":506061142,"area_name":"Byford"},"id":"sa2_chronicdisease_modelledestimate.506061142"},{"type":"Feature","properties":{"mntl_bh_p_me_2_rate_3_11_7_13":11.832409737388,"area_code":506041135,"area_name":"Huntingdale - Southern River"},"id":"sa2_chronicdisease_modelledestimate.506041135"},{"type":"Feature","properties":{"mntl_bh_p_me_2_rate_3_11_7_13":15.876541710049,"area_code":506041136,"area_name":"Maddington - Orange Grove - Martin"},"id":"sa2_chronicdisease_modelledestimate.506041136"},{"type":"Feature","properties":{"mntl_bh_p_me_2_rate_3_11_7_13":13.0969530419145,"area_code":506061143,"area_name":"Mundijong"},"id":"sa2_chronicdisease_modelledestimate.506061143"},{"type":"Feature","properties":{"mntl_bh_p_me_2_rate_3_11_7_13":13.0969530419145,"area_code":506061144,"area_name":"Serpentine - Jarrahdale"},"id":"sa2_chronicdisease_modelledestimate.506061144"},{"type":"Feature","properties":{"mntl_bh_p_me_2_rate_3_11_7_13":13.6679035904263,"area_code":506041137,"area_name":"Thornlie"},"id":"sa2_chronicdisease_modelledestimate.506041137"},{"type":"Feature","properties":{"mntl_bh_p_me_2_rate_3_11_7_13":13.2392915792087,"area_code":506051138,"area_name":"Forrestfield - Wattle Grove"},"id":"sa2_chronicdisease_modelledestimate.506051138"},{"type":"Feature","properties":{"mntl_bh_p_me_2_rate_3_11_7_13":13.2392915792087,"area_code":506051139,"area_name":"High Wycombe"},"id":"sa2_chronicdisease_modelledestimate.506051139"},{"type":"Feature","properties":{"mntl_bh_p_me_2_rate_3_11_7_13":12.7645801456977,"area_code":506051140,"area_name":"Kalamunda - Maida Vale - Gooseberry Hill"},"id":"sa2_chronicdisease_modelledestimate.506051140"},{"type":"Feature","properties":{"mntl_bh_p_me_2_rate_3_11_7_13":12.7645801456977,"area_code":506051141,"area_name":"Lesmurdie - Bickley - Carmel"},"id":"sa2_chronicdisease_modelledestimate.506051141"},{"type":"Feature","properties":{"mntl_bh_p_me_2_rate_3_11_7_13":14.0566200534281,"area_code":506071145,"area_name":"Como"},"id":"sa2_chronicdisease_modelledestimate.506071145"},{"type":"Feature","properties":{"mntl_bh_p_me_2_rate_3_11_7_13":12.7157159518987,"area_code":507011156,"area_name":"Jandakot"},"id":"sa2_chronicdisease_modelledestimate.507011156"},{"type":"Feature","properties":{"mntl_bh_p_me_2_rate_3_11_7_13":14.3486204194679,"area_code":506071146,"area_name":"Manning - Waterford"},"id":"sa2_chronicdisease_modelledestimate.506071146"},{"type":"Feature","properties":{"mntl_bh_p_me_2_rate_3_11_7_13":14.0566200534281,"area_code":506071147,"area_name":"South Perth - Kensington"},"id":"sa2_chronicdisease_modelledestimate.506071147"},{"type":"Feature","properties":{"mntl_bh_p_me_2_rate_3_11_7_13":12.7157159518987,"area_code":507011148,"area_name":"Banjup"},"id":"sa2_chronicdisease_modelledestimate.507011148"},{"type":"Feature","properties":{"mntl_bh_p_me_2_rate_3_11_7_13":14.0493266855923,"area_code":507011151,"area_name":"Bibra Lake"},"id":"sa2_chronicdisease_modelledestimate.507011151"},{"type":"Feature","properties":{"mntl_bh_p_me_2_rate_3_11_7_13":13.1557344112565,"area_code":507011149,"area_name":"Beeliar"},"id":"sa2_chronicdisease_modelledestimate.507011149"},{"type":"Feature","properties":{"mntl_bh_p_me_2_rate_3_11_7_13":14.0493266855923,"area_code":507011150,"area_name":"Bibra Industrial"},"id":"sa2_chronicdisease_modelledestimate.507011150"},{"type":"Feature","properties":{"mntl_bh_p_me_2_rate_3_11_7_13":12.7758166505718,"area_code":507011152,"area_name":"Coogee"},"id":"sa2_chronicdisease_modelledestimate.507011152"},{"type":"Feature","properties":{"mntl_bh_p_me_2_rate_3_11_7_13":13.1557344112565,"area_code":507011155,"area_name":"Henderson"},"id":"sa2_chronicdisease_modelledestimate.507011155"},{"type":"Feature","properties":{"mntl_bh_p_me_2_rate_3_11_7_13":12.7157159518987,"area_code":507011157,"area_name":"Jandakot Airport"},"id":"sa2_chronicdisease_modelledestimate.507011157"},{"type":"Feature","properties":{"mntl_bh_p_me_2_rate_3_11_7_13":12.7758166505718,"area_code":507011158,"area_name":"North Coogee"},"id":"sa2_chronicdisease_modelledestimate.507011158"},{"type":"Feature","properties":{"mntl_bh_p_me_2_rate_3_11_7_13":14.0493266855923,"area_code":507011159,"area_name":"South Lake - Cockburn Central"},"id":"sa2_chronicdisease_modelledestimate.507011159"},{"type":"Feature","properties":{"mntl_bh_p_me_2_rate_3_11_7_13":13.773798548693,"area_code":507011160,"area_name":"Spearwood"},"id":"sa2_chronicdisease_modelledestimate.507011160"},{"type":"Feature","properties":{"mntl_bh_p_me_2_rate_3_11_7_13":12.7157159518987,"area_code":507011161,"area_name":"Success - Hammond Park"},"id":"sa2_chronicdisease_modelledestimate.507011161"},{"type":"Feature","properties":{"mntl_bh_p_me_2_rate_3_11_7_13":13.1557344112565,"area_code":507011163,"area_name":"Yangebup"},"id":"sa2_chronicdisease_modelledestimate.507011163"},{"type":"Feature","properties":{"mntl_bh_p_me_2_rate_3_11_7_13":14.4336610681857,"area_code":507021164,"area_name":"East Fremantle"},"id":"sa2_chronicdisease_modelledestimate.507021164"},{"type":"Feature","properties":{"mntl_bh_p_me_2_rate_3_11_7_13":14.4336610681857,"area_code":507021165,"area_name":"Fremantle"},"id":"sa2_chronicdisease_modelledestimate.507021165"},{"type":"Feature","properties":{"mntl_bh_p_me_2_rate_3_11_7_13":15.0139544341298,"area_code":507021166,"area_name":"Fremantle - South"},"id":"sa2_chronicdisease_modelledestimate.507021166"},{"type":"Feature","properties":{"mntl_bh_p_me_2_rate_3_11_7_13":12.5396391419228,"area_code":507031168,"area_name":"Anketell - Wandi"},"id":"sa2_chronicdisease_modelledestimate.507031168"},{"type":"Feature","properties":{"mntl_bh_p_me_2_rate_3_11_7_13":12.5396391419228,"area_code":507031169,"area_name":"Bertram - Wellard (West)"},"id":"sa2_chronicdisease_modelledestimate.507031169"},{"type":"Feature","properties":{"mntl_bh_p_me_2_rate_3_11_7_13":15.7326248648606,"area_code":507031170,"area_name":"Calista"},"id":"sa2_chronicdisease_modelledestimate.507031170"},{"type":"Feature","properties":{"mntl_bh_p_me_2_rate_3_11_7_13":12.5396391419228,"area_code":507031171,"area_name":"Casuarina - Wellard (East)"},"id":"sa2_chronicdisease_modelledestimate.507031171"},{"type":"Feature","properties":{"mntl_bh_p_me_2_rate_3_11_7_13":15.7326248648606,"area_code":507031172,"area_name":"Hope Valley - Postans"},"id":"sa2_chronicdisease_modelledestimate.507031172"},{"type":"Feature","properties":{"mntl_bh_p_me_2_rate_3_11_7_13":13.1360033744184,"area_code":507041184,"area_name":"Winthrop"},"id":"sa2_chronicdisease_modelledestimate.507041184"},{"type":"Feature","properties":{"mntl_bh_p_me_2_rate_3_11_7_13":15.7326248648606,"area_code":507031173,"area_name":"Kwinana Industrial"},"id":"sa2_chronicdisease_modelledestimate.507031173"},{"type":"Feature","properties":{"mntl_bh_p_me_2_rate_3_11_7_13":15.7326248648606,"area_code":507031174,"area_name":"Parmelia - Orelia"},"id":"sa2_chronicdisease_modelledestimate.507031174"},{"type":"Feature","properties":{"mntl_bh_p_me_2_rate_3_11_7_13":16.3068088496343,"area_code":507051186,"area_name":"Cooloongup"},"id":"sa2_chronicdisease_modelledestimate.507051186"},{"type":"Feature","properties":{"mntl_bh_p_me_2_rate_3_11_7_13":13.8301472409231,"area_code":507041175,"area_name":"Applecross - Ardross"},"id":"sa2_chronicdisease_modelledestimate.507041175"},{"type":"Feature","properties":{"mntl_bh_p_me_2_rate_3_11_7_13":13.8301472409231,"area_code":507041176,"area_name":"Bateman"},"id":"sa2_chronicdisease_modelledestimate.507041176"},{"type":"Feature","properties":{"mntl_bh_p_me_2_rate_3_11_7_13":13.1360033744184,"area_code":507041177,"area_name":"Bicton - Palmyra"},"id":"sa2_chronicdisease_modelledestimate.507041177"},{"type":"Feature","properties":{"mntl_bh_p_me_2_rate_3_11_7_13":13.8301472409231,"area_code":507041178,"area_name":"Booragoon"},"id":"sa2_chronicdisease_modelledestimate.507041178"},{"type":"Feature","properties":{"mntl_bh_p_me_2_rate_3_11_7_13":13.0035405848136,"area_code":507041179,"area_name":"Bull Creek"},"id":"sa2_chronicdisease_modelledestimate.507041179"},{"type":"Feature","properties":{"mntl_bh_p_me_2_rate_3_11_7_13":13.1360033744184,"area_code":507041181,"area_name":"Melville"},"id":"sa2_chronicdisease_modelledestimate.507041181"},{"type":"Feature","properties":{"mntl_bh_p_me_2_rate_3_11_7_13":13.0035405848136,"area_code":507041182,"area_name":"Murdoch - Kardinya"},"id":"sa2_chronicdisease_modelledestimate.507041182"},{"type":"Feature","properties":{"mntl_bh_p_me_2_rate_3_11_7_13":17.4724441580048,"area_code":507041183,"area_name":"Willagee"},"id":"sa2_chronicdisease_modelledestimate.507041183"},{"type":"Feature","properties":{"mntl_bh_p_me_2_rate_3_11_7_13":13.3758109522546,"area_code":507051185,"area_name":"Baldivis"},"id":"sa2_chronicdisease_modelledestimate.507051185"},{"type":"Feature","properties":{"mntl_bh_p_me_2_rate_3_11_7_13":13.8292788008976,"area_code":507051187,"area_name":"Port Kennedy"},"id":"sa2_chronicdisease_modelledestimate.507051187"},{"type":"Feature","properties":{"mntl_bh_p_me_2_rate_3_11_7_13":16.3068088496343,"area_code":507051188,"area_name":"Rockingham"},"id":"sa2_chronicdisease_modelledestimate.507051188"},{"type":"Feature","properties":{"mntl_bh_p_me_2_rate_3_11_7_13":16.3068088496343,"area_code":507051189,"area_name":"Rockingham Lakes"},"id":"sa2_chronicdisease_modelledestimate.507051189"},{"type":"Feature","properties":{"mntl_bh_p_me_2_rate_3_11_7_13":15.4685905885992,"area_code":507051190,"area_name":"Safety Bay - Shoalwater"},"id":"sa2_chronicdisease_modelledestimate.507051190"},{"type":"Feature","properties":{"mntl_bh_p_me_2_rate_3_11_7_13":13.3758109522546,"area_code":507051191,"area_name":"Singleton - Golden Bay - Secret Harbour"},"id":"sa2_chronicdisease_modelledestimate.507051191"},{"type":"Feature","properties":{"mntl_bh_p_me_2_rate_3_11_7_13":15.4685905885992,"area_code":507051192,"area_name":"Waikiki"},"id":"sa2_chronicdisease_modelledestimate.507051192"},{"type":"Feature","properties":{"mntl_bh_p_me_2_rate_3_11_7_13":15.4685905885992,"area_code":507051193,"area_name":"Warnbro"},"id":"sa2_chronicdisease_modelledestimate.507051193"}]}