{"type":"FeatureCollection","bbox":[0.0,0.0,-1.0,-1.0],"features":[{"type":"Feature","properties":{"mntl_bh_p_me_2_rate_3_11_7_13":12.5875693765281,"area_code":102011028,"area_name":"Avoca Beach - Copacabana"},"id":"sa2_chronicdisease_modelledestimate.102011028"},{"type":"Feature","properties":{"mntl_bh_p_me_2_rate_3_11_7_13":12.5875693765281,"area_code":102011029,"area_name":"Box Head - MacMasters Beach"},"id":"sa2_chronicdisease_modelledestimate.102011029"},{"type":"Feature","properties":{"mntl_bh_p_me_2_rate_3_11_7_13":12.7464689194982,"area_code":102011030,"area_name":"Calga - Kulnura"},"id":"sa2_chronicdisease_modelledestimate.102011030"},{"type":"Feature","properties":{"mntl_bh_p_me_2_rate_3_11_7_13":14.1815176492473,"area_code":102011031,"area_name":"Erina - Green Point"},"id":"sa2_chronicdisease_modelledestimate.102011031"},{"type":"Feature","properties":{"mntl_bh_p_me_2_rate_3_11_7_13":15.1666005390412,"area_code":102011032,"area_name":"Gosford - Springfield"},"id":"sa2_chronicdisease_modelledestimate.102011032"},{"type":"Feature","properties":{"mntl_bh_p_me_2_rate_3_11_7_13":12.4126564475657,"area_code":102011033,"area_name":"Kariong"},"id":"sa2_chronicdisease_modelledestimate.102011033"},{"type":"Feature","properties":{"mntl_bh_p_me_2_rate_3_11_7_13":14.1815176492473,"area_code":102011034,"area_name":"Kincumber - Picketts Valley"},"id":"sa2_chronicdisease_modelledestimate.102011034"},{"type":"Feature","properties":{"mntl_bh_p_me_2_rate_3_11_7_13":12.7464689194982,"area_code":102011035,"area_name":"Narara"},"id":"sa2_chronicdisease_modelledestimate.102011035"},{"type":"Feature","properties":{"mntl_bh_p_me_2_rate_3_11_7_13":14.1815176492473,"area_code":102011038,"area_name":"Saratoga - Davistown"},"id":"sa2_chronicdisease_modelledestimate.102011038"},{"type":"Feature","properties":{"mntl_bh_p_me_2_rate_3_11_7_13":12.3843557040075,"area_code":102011039,"area_name":"Terrigal - North Avoca"},"id":"sa2_chronicdisease_modelledestimate.102011039"},{"type":"Feature","properties":{"mntl_bh_p_me_2_rate_3_11_7_13":17.147757006922,"area_code":102011040,"area_name":"Umina - Booker Bay - Patonga"},"id":"sa2_chronicdisease_modelledestimate.102011040"},{"type":"Feature","properties":{"mntl_bh_p_me_2_rate_3_11_7_13":12.3843557040075,"area_code":102011041,"area_name":"Wamberal - Forresters Beach"},"id":"sa2_chronicdisease_modelledestimate.102011041"},{"type":"Feature","properties":{"mntl_bh_p_me_2_rate_3_11_7_13":17.147757006922,"area_code":102011042,"area_name":"Woy Woy - Blackwall"},"id":"sa2_chronicdisease_modelledestimate.102011042"},{"type":"Feature","properties":{"mntl_bh_p_me_2_rate_3_11_7_13":15.1666005390412,"area_code":102011043,"area_name":"Wyoming"},"id":"sa2_chronicdisease_modelledestimate.102011043"},{"type":"Feature","properties":{"mntl_bh_p_me_2_rate_3_11_7_13":16.7855946670467,"area_code":102021044,"area_name":"Bateau Bay - Killarney Vale"},"id":"sa2_chronicdisease_modelledestimate.102021044"},{"type":"Feature","properties":{"mntl_bh_p_me_2_rate_3_11_7_13":15.6927550507154,"area_code":102021045,"area_name":"Blue Haven - San Remo"},"id":"sa2_chronicdisease_modelledestimate.102021045"},{"type":"Feature","properties":{"mntl_bh_p_me_2_rate_3_11_7_13":16.4646185708067,"area_code":102021046,"area_name":"Budgewoi - Buff Point - Halekulani"},"id":"sa2_chronicdisease_modelledestimate.102021046"},{"type":"Feature","properties":{"mntl_bh_p_me_2_rate_3_11_7_13":12.7464689194982,"area_code":102011036,"area_name":"Niagara Park - Lisarow"},"id":"sa2_chronicdisease_modelledestimate.102011036"},{"type":"Feature","properties":{"mntl_bh_p_me_2_rate_3_11_7_13":12.4126564475657,"area_code":102011037,"area_name":"Point Clare - Koolewong"},"id":"sa2_chronicdisease_modelledestimate.102011037"},{"type":"Feature","properties":{"mntl_bh_p_me_2_rate_3_11_7_13":12.8835786426465,"area_code":102021047,"area_name":"Chittaway Bay - Tumbi Umbi"},"id":"sa2_chronicdisease_modelledestimate.102021047"},{"type":"Feature","properties":{"mntl_bh_p_me_2_rate_3_11_7_13":16.5742918634426,"area_code":102021048,"area_name":"Gorokan - Kanwal - Charmhaven"},"id":"sa2_chronicdisease_modelledestimate.102021048"},{"type":"Feature","properties":{"mntl_bh_p_me_2_rate_3_11_7_13":14.0685281047139,"area_code":102021049,"area_name":"Jilliby - Yarramalong"},"id":"sa2_chronicdisease_modelledestimate.102021049"},{"type":"Feature","properties":{"mntl_bh_p_me_2_rate_3_11_7_13":15.6927550507154,"area_code":102021050,"area_name":"Lake Munmorah - Mannering Park"},"id":"sa2_chronicdisease_modelledestimate.102021050"},{"type":"Feature","properties":{"mntl_bh_p_me_2_rate_3_11_7_13":14.0685281047139,"area_code":102021051,"area_name":"Ourimbah - Fountaindale"},"id":"sa2_chronicdisease_modelledestimate.102021051"},{"type":"Feature","properties":{"mntl_bh_p_me_2_rate_3_11_7_13":15.6927550507154,"area_code":102021052,"area_name":"Summerland Point - Gwandalan"},"id":"sa2_chronicdisease_modelledestimate.102021052"},{"type":"Feature","properties":{"mntl_bh_p_me_2_rate_3_11_7_13":16.7855946670467,"area_code":102021053,"area_name":"The Entrance"},"id":"sa2_chronicdisease_modelledestimate.102021053"},{"type":"Feature","properties":{"mntl_bh_p_me_2_rate_3_11_7_13":16.4646185708067,"area_code":102021054,"area_name":"Toukley - Norah Head"},"id":"sa2_chronicdisease_modelledestimate.102021054"},{"type":"Feature","properties":{"mntl_bh_p_me_2_rate_3_11_7_13":12.8835786426465,"area_code":102021055,"area_name":"Tuggerah - Kangy Angy"},"id":"sa2_chronicdisease_modelledestimate.102021055"},{"type":"Feature","properties":{"mntl_bh_p_me_2_rate_3_11_7_13":17.391105414441,"area_code":102021057,"area_name":"Wyong"},"id":"sa2_chronicdisease_modelledestimate.102021057"},{"type":"Feature","properties":{"mntl_bh_p_me_2_rate_3_11_7_13":14.0685281047139,"area_code":102021056,"area_name":"Warnervale - Wadalba"},"id":"sa2_chronicdisease_modelledestimate.102021056"},{"type":"Feature","properties":{"mntl_bh_p_me_2_rate_3_11_7_13":10.7536660677552,"area_code":115011293,"area_name":"Cherrybrook"},"id":"sa2_chronicdisease_modelledestimate.115011293"},{"type":"Feature","properties":{"mntl_bh_p_me_2_rate_3_11_7_13":11.270482219601,"area_code":115011294,"area_name":"Glenhaven"},"id":"sa2_chronicdisease_modelledestimate.115011294"},{"type":"Feature","properties":{"mntl_bh_p_me_2_rate_3_11_7_13":9.49184318880518,"area_code":115011295,"area_name":"Kellyville"},"id":"sa2_chronicdisease_modelledestimate.115011295"},{"type":"Feature","properties":{"mntl_bh_p_me_2_rate_3_11_7_13":12.1897391036088,"area_code":126021499,"area_name":"Hunters Hill - Woolwich"},"id":"sa2_chronicdisease_modelledestimate.126021499"},{"type":"Feature","properties":{"mntl_bh_p_me_2_rate_3_11_7_13":14.7498380171202,"area_code":126021500,"area_name":"Macquarie Park - Marsfield"},"id":"sa2_chronicdisease_modelledestimate.126021500"},{"type":"Feature","properties":{"mntl_bh_p_me_2_rate_3_11_7_13":11.6126562313543,"area_code":115031300,"area_name":"Kurrajong Heights - Ebenezer"},"id":"sa2_chronicdisease_modelledestimate.115031300"},{"type":"Feature","properties":{"mntl_bh_p_me_2_rate_3_11_7_13":10.1768406428161,"area_code":115041301,"area_name":"Pitt Town - McGraths Hill"},"id":"sa2_chronicdisease_modelledestimate.115041301"},{"type":"Feature","properties":{"mntl_bh_p_me_2_rate_3_11_7_13":10.1768406428161,"area_code":115041302,"area_name":"Rouse Hill - Beaumont Hills"},"id":"sa2_chronicdisease_modelledestimate.115041302"},{"type":"Feature","properties":{"mntl_bh_p_me_2_rate_3_11_7_13":11.2295128443307,"area_code":115011290,"area_name":"Baulkham Hills (East)"},"id":"sa2_chronicdisease_modelledestimate.115011290"},{"type":"Feature","properties":{"mntl_bh_p_me_2_rate_3_11_7_13":16.0086737401473,"area_code":116031316,"area_name":"Lethbridge Park - Tregear"},"id":"sa2_chronicdisease_modelledestimate.116031316"},{"type":"Feature","properties":{"mntl_bh_p_me_2_rate_3_11_7_13":11.2295128443307,"area_code":115011291,"area_name":"Baulkham Hills (West) - Bella Vista"},"id":"sa2_chronicdisease_modelledestimate.115011291"},{"type":"Feature","properties":{"mntl_bh_p_me_2_rate_3_11_7_13":11.270482219601,"area_code":115011292,"area_name":"Castle Hill"},"id":"sa2_chronicdisease_modelledestimate.115011292"},{"type":"Feature","properties":{"mntl_bh_p_me_2_rate_3_11_7_13":10.7536660677552,"area_code":115011296,"area_name":"West Pennant Hills"},"id":"sa2_chronicdisease_modelledestimate.115011296"},{"type":"Feature","properties":{"mntl_bh_p_me_2_rate_3_11_7_13":11.4195576410703,"area_code":115021297,"area_name":"Dural - Kenthurst - Wisemans Ferry"},"id":"sa2_chronicdisease_modelledestimate.115021297"},{"type":"Feature","properties":{"mntl_bh_p_me_2_rate_3_11_7_13":11.4195576410703,"area_code":115021298,"area_name":"Galston - Laughtondale"},"id":"sa2_chronicdisease_modelledestimate.115021298"},{"type":"Feature","properties":{"mntl_bh_p_me_2_rate_3_11_7_13":11.6126562313543,"area_code":115031299,"area_name":"Bilpin - Colo - St Albans"},"id":"sa2_chronicdisease_modelledestimate.115031299"},{"type":"Feature","properties":{"mntl_bh_p_me_2_rate_3_11_7_13":12.4680128223752,"area_code":116011304,"area_name":"Blacktown (North) - Marayong"},"id":"sa2_chronicdisease_modelledestimate.116011304"},{"type":"Feature","properties":{"mntl_bh_p_me_2_rate_3_11_7_13":11.6976769334988,"area_code":116011303,"area_name":"Blacktown (East) - Kings Park"},"id":"sa2_chronicdisease_modelledestimate.116011303"},{"type":"Feature","properties":{"mntl_bh_p_me_2_rate_3_11_7_13":11.1285535799366,"area_code":116031319,"area_name":"Rooty Hill - Minchinbury"},"id":"sa2_chronicdisease_modelledestimate.116031319"},{"type":"Feature","properties":{"mntl_bh_p_me_2_rate_3_11_7_13":11.6976769334988,"area_code":116011305,"area_name":"Blacktown (South)"},"id":"sa2_chronicdisease_modelledestimate.116011305"},{"type":"Feature","properties":{"mntl_bh_p_me_2_rate_3_11_7_13":12.4680128223752,"area_code":116011306,"area_name":"Doonside - Woodcroft"},"id":"sa2_chronicdisease_modelledestimate.116011306"},{"type":"Feature","properties":{"mntl_bh_p_me_2_rate_3_11_7_13":11.9128384406416,"area_code":116011307,"area_name":"Lalor Park - Kings Langley"},"id":"sa2_chronicdisease_modelledestimate.116011307"},{"type":"Feature","properties":{"mntl_bh_p_me_2_rate_3_11_7_13":12.4105013484689,"area_code":126021501,"area_name":"North Ryde - East Ryde"},"id":"sa2_chronicdisease_modelledestimate.126021501"},{"type":"Feature","properties":{"mntl_bh_p_me_2_rate_3_11_7_13":12.4105013484689,"area_code":126021502,"area_name":"Ryde - Putney"},"id":"sa2_chronicdisease_modelledestimate.126021502"},{"type":"Feature","properties":{"mntl_bh_p_me_2_rate_3_11_7_13":11.9128384406416,"area_code":116011308,"area_name":"Seven Hills - Toongabbie"},"id":"sa2_chronicdisease_modelledestimate.116011308"},{"type":"Feature","properties":{"mntl_bh_p_me_2_rate_3_11_7_13":13.0281149765262,"area_code":126021503,"area_name":"West Ryde - Meadowbank"},"id":"sa2_chronicdisease_modelledestimate.126021503"},{"type":"Feature","properties":{"mntl_bh_p_me_2_rate_3_11_7_13":16.3874892947535,"area_code":127011504,"area_name":"Ashcroft - Busby - Miller"},"id":"sa2_chronicdisease_modelledestimate.127011504"},{"type":"Feature","properties":{"mntl_bh_p_me_2_rate_3_11_7_13":10.9675641902332,"area_code":127011505,"area_name":"Badgerys Creek - Greendale"},"id":"sa2_chronicdisease_modelledestimate.127011505"},{"type":"Feature","properties":{"mntl_bh_p_me_2_rate_3_11_7_13":10.9866928620471,"area_code":127011506,"area_name":"Cobbitty - Leppington"},"id":"sa2_chronicdisease_modelledestimate.127011506"},{"type":"Feature","properties":{"mntl_bh_p_me_2_rate_3_11_7_13":9.35693448168045,"area_code":116021309,"area_name":"Glenwood"},"id":"sa2_chronicdisease_modelledestimate.116021309"},{"type":"Feature","properties":{"mntl_bh_p_me_2_rate_3_11_7_13":9.35693448168045,"area_code":116021310,"area_name":"Parklea - Kellyville Ridge"},"id":"sa2_chronicdisease_modelledestimate.116021310"},{"type":"Feature","properties":{"mntl_bh_p_me_2_rate_3_11_7_13":10.0636286884725,"area_code":116021311,"area_name":"Quakers Hill - Acacia Gardens"},"id":"sa2_chronicdisease_modelledestimate.116021311"},{"type":"Feature","properties":{"mntl_bh_p_me_2_rate_3_11_7_13":11.6056998811548,"area_code":116021312,"area_name":"Riverstone - Marsden Park"},"id":"sa2_chronicdisease_modelledestimate.116021312"},{"type":"Feature","properties":{"mntl_bh_p_me_2_rate_3_11_7_13":16.0086737401473,"area_code":116031313,"area_name":"Bidwill - Hebersham - Emerton"},"id":"sa2_chronicdisease_modelledestimate.116031313"},{"type":"Feature","properties":{"mntl_bh_p_me_2_rate_3_11_7_13":10.6167300209621,"area_code":116031314,"area_name":"Glendenning Dean Park"},"id":"sa2_chronicdisease_modelledestimate.116031314"},{"type":"Feature","properties":{"mntl_bh_p_me_2_rate_3_11_7_13":12.1963822465023,"area_code":124031458,"area_name":"Castlereagh - Cranebrook"},"id":"sa2_chronicdisease_modelledestimate.124031458"},{"type":"Feature","properties":{"mntl_bh_p_me_2_rate_3_11_7_13":12.462698831418,"area_code":124031459,"area_name":"Emu Plains - Leonay"},"id":"sa2_chronicdisease_modelledestimate.124031459"},{"type":"Feature","properties":{"mntl_bh_p_me_2_rate_3_11_7_13":14.4067600098009,"area_code":124051471,"area_name":"St Marys - Colyton"},"id":"sa2_chronicdisease_modelledestimate.124051471"},{"type":"Feature","properties":{"mntl_bh_p_me_2_rate_3_11_7_13":12.735532364439,"area_code":125011472,"area_name":"Auburn"},"id":"sa2_chronicdisease_modelledestimate.125011472"},{"type":"Feature","properties":{"mntl_bh_p_me_2_rate_3_11_7_13":12.2226654306222,"area_code":125011473,"area_name":"Homebush Bay - Silverwater"},"id":"sa2_chronicdisease_modelledestimate.125011473"},{"type":"Feature","properties":{"mntl_bh_p_me_2_rate_3_11_7_13":13.5796046407516,"area_code":127021511,"area_name":"Cabramatta - Lansvale"},"id":"sa2_chronicdisease_modelledestimate.127021511"},{"type":"Feature","properties":{"mntl_bh_p_me_2_rate_3_11_7_13":10.6167300209621,"area_code":116031315,"area_name":"Hassall Grove - Plumpton"},"id":"sa2_chronicdisease_modelledestimate.116031315"},{"type":"Feature","properties":{"mntl_bh_p_me_2_rate_3_11_7_13":10.8315886537351,"area_code":117011320,"area_name":"Banksmeadow"},"id":"sa2_chronicdisease_modelledestimate.117011320"},{"type":"Feature","properties":{"mntl_bh_p_me_2_rate_3_11_7_13":13.3073487936718,"area_code":116031317,"area_name":"Mount Druitt - Whalan"},"id":"sa2_chronicdisease_modelledestimate.116031317"},{"type":"Feature","properties":{"mntl_bh_p_me_2_rate_3_11_7_13":11.1285535799366,"area_code":116031318,"area_name":"Prospect Reservoir"},"id":"sa2_chronicdisease_modelledestimate.116031318"},{"type":"Feature","properties":{"mntl_bh_p_me_2_rate_3_11_7_13":12.462698831418,"area_code":124031461,"area_name":"Jamisontown - South Penrith"},"id":"sa2_chronicdisease_modelledestimate.124031461"},{"type":"Feature","properties":{"mntl_bh_p_me_2_rate_3_11_7_13":12.2690561818171,"area_code":127021520,"area_name":"St Johns Park - Wakeley"},"id":"sa2_chronicdisease_modelledestimate.127021520"},{"type":"Feature","properties":{"mntl_bh_p_me_2_rate_3_11_7_13":10.8315886537351,"area_code":117011321,"area_name":"Botany"},"id":"sa2_chronicdisease_modelledestimate.117011321"},{"type":"Feature","properties":{"mntl_bh_p_me_2_rate_3_11_7_13":15.0790681632809,"area_code":124031462,"area_name":"Kingswood - Werrington"},"id":"sa2_chronicdisease_modelledestimate.124031462"},{"type":"Feature","properties":{"mntl_bh_p_me_2_rate_3_11_7_13":10.1826197085024,"area_code":124031463,"area_name":"Mulgoa - Luddenham - Orchard Hills"},"id":"sa2_chronicdisease_modelledestimate.124031463"},{"type":"Feature","properties":{"mntl_bh_p_me_2_rate_3_11_7_13":11.9566299920533,"area_code":117011322,"area_name":"Mascot - Eastlakes"},"id":"sa2_chronicdisease_modelledestimate.117011322"},{"type":"Feature","properties":{"mntl_bh_p_me_2_rate_3_11_7_13":11.9566299920533,"area_code":117011323,"area_name":"Pagewood - Hillsdale - Daceyville"},"id":"sa2_chronicdisease_modelledestimate.117011323"},{"type":"Feature","properties":{"mntl_bh_p_me_2_rate_3_11_7_13":10.4634149374947,"area_code":127021521,"area_name":"Wetherill Park Industrial"},"id":"sa2_chronicdisease_modelledestimate.127021521"},{"type":"Feature","properties":{"mntl_bh_p_me_2_rate_3_11_7_13":10.8315886537351,"area_code":117011324,"area_name":"Port Botany Industrial"},"id":"sa2_chronicdisease_modelledestimate.117011324"},{"type":"Feature","properties":{"mntl_bh_p_me_2_rate_3_11_7_13":11.7226891165551,"area_code":117021327,"area_name":"Petersham - Stanmore"},"id":"sa2_chronicdisease_modelledestimate.117021327"},{"type":"Feature","properties":{"mntl_bh_p_me_2_rate_3_11_7_13":10.8315886537351,"area_code":117011325,"area_name":"Sydney Airport"},"id":"sa2_chronicdisease_modelledestimate.117011325"},{"type":"Feature","properties":{"mntl_bh_p_me_2_rate_3_11_7_13":12.2652111801204,"area_code":128011527,"area_name":"Caringbah - Lilli Pilli"},"id":"sa2_chronicdisease_modelledestimate.128011527"},{"type":"Feature","properties":{"mntl_bh_p_me_2_rate_3_11_7_13":12.3654437432181,"area_code":117021326,"area_name":"Marrickville"},"id":"sa2_chronicdisease_modelledestimate.117021326"},{"type":"Feature","properties":{"mntl_bh_p_me_2_rate_3_11_7_13":14.1454056512625,"area_code":117031336,"area_name":"Surry Hills"},"id":"sa2_chronicdisease_modelledestimate.117031336"},{"type":"Feature","properties":{"mntl_bh_p_me_2_rate_3_11_7_13":16.4250141577638,"area_code":117031337,"area_name":"Sydney - Haymarket - The Rocks"},"id":"sa2_chronicdisease_modelledestimate.117031337"},{"type":"Feature","properties":{"mntl_bh_p_me_2_rate_3_11_7_13":11.5013636800657,"area_code":117021328,"area_name":"Sydenham - Tempe - St Peters"},"id":"sa2_chronicdisease_modelledestimate.117021328"},{"type":"Feature","properties":{"mntl_bh_p_me_2_rate_3_11_7_13":14.1454056512625,"area_code":117031329,"area_name":"Darlinghurst"},"id":"sa2_chronicdisease_modelledestimate.117031329"},{"type":"Feature","properties":{"mntl_bh_p_me_2_rate_3_11_7_13":12.3339641080008,"area_code":118011344,"area_name":"Dover Heights"},"id":"sa2_chronicdisease_modelledestimate.118011344"},{"type":"Feature","properties":{"mntl_bh_p_me_2_rate_3_11_7_13":12.3254194177511,"area_code":128011528,"area_name":"Cronulla - Kurnell - Bundeena"},"id":"sa2_chronicdisease_modelledestimate.128011528"},{"type":"Feature","properties":{"mntl_bh_p_me_2_rate_3_11_7_13":12.3102567847905,"area_code":128011529,"area_name":"Gymea - Grays Point"},"id":"sa2_chronicdisease_modelledestimate.128011529"},{"type":"Feature","properties":{"mntl_bh_p_me_2_rate_3_11_7_13":13.0759675380749,"area_code":117031330,"area_name":"Erskineville - Alexandria"},"id":"sa2_chronicdisease_modelledestimate.117031330"},{"type":"Feature","properties":{"mntl_bh_p_me_2_rate_3_11_7_13":12.3102567847905,"area_code":128011530,"area_name":"Miranda - Yowie Bay"},"id":"sa2_chronicdisease_modelledestimate.128011530"},{"type":"Feature","properties":{"mntl_bh_p_me_2_rate_3_11_7_13":12.3102567847905,"area_code":128011531,"area_name":"Sylvania - Taren Point"},"id":"sa2_chronicdisease_modelledestimate.128011531"},{"type":"Feature","properties":{"mntl_bh_p_me_2_rate_3_11_7_13":11.2728835978714,"area_code":128021532,"area_name":"Engadine - Loftus"},"id":"sa2_chronicdisease_modelledestimate.128021532"},{"type":"Feature","properties":{"mntl_bh_p_me_2_rate_3_11_7_13":11.2728835978714,"area_code":128021533,"area_name":"Heathcote - Waterfall"},"id":"sa2_chronicdisease_modelledestimate.128021533"},{"type":"Feature","properties":{"mntl_bh_p_me_2_rate_3_11_7_13":11.1580623441282,"area_code":128021534,"area_name":"Illawong - Alfords Point"},"id":"sa2_chronicdisease_modelledestimate.128021534"},{"type":"Feature","properties":{"mntl_bh_p_me_2_rate_3_11_7_13":11.1580623441282,"area_code":128021535,"area_name":"Menai - Lucas Heights - Woronora"},"id":"sa2_chronicdisease_modelledestimate.128021535"},{"type":"Feature","properties":{"mntl_bh_p_me_2_rate_3_11_7_13":11.9375592182586,"area_code":128021536,"area_name":"Oyster Bay - Como - Jannali"},"id":"sa2_chronicdisease_modelledestimate.128021536"},{"type":"Feature","properties":{"mntl_bh_p_me_2_rate_3_11_7_13":11.2728835978714,"area_code":128021537,"area_name":"Royal National Park"},"id":"sa2_chronicdisease_modelledestimate.128021537"},{"type":"Feature","properties":{"mntl_bh_p_me_2_rate_3_11_7_13":11.9375592182586,"area_code":128021538,"area_name":"Sutherland - Kirrawee"},"id":"sa2_chronicdisease_modelledestimate.128021538"},{"type":"Feature","properties":{"mntl_bh_p_me_2_rate_3_11_7_13":15.5663746693457,"area_code":117031331,"area_name":"Glebe - Forest Lodge"},"id":"sa2_chronicdisease_modelledestimate.117031331"},{"type":"Feature","properties":{"mntl_bh_p_me_2_rate_3_11_7_13":13.0759675380749,"area_code":117031332,"area_name":"Newtown - Camperdown - Darlington"},"id":"sa2_chronicdisease_modelledestimate.117031332"},{"type":"Feature","properties":{"mntl_bh_p_me_2_rate_3_11_7_13":14.1454056512625,"area_code":117031333,"area_name":"Potts Point - Woolloomooloo"},"id":"sa2_chronicdisease_modelledestimate.117031333"},{"type":"Feature","properties":{"mntl_bh_p_me_2_rate_3_11_7_13":15.5663746693457,"area_code":117031334,"area_name":"Pyrmont - Ultimo"},"id":"sa2_chronicdisease_modelledestimate.117031334"},{"type":"Feature","properties":{"mntl_bh_p_me_2_rate_3_11_7_13":13.4579075047886,"area_code":117031335,"area_name":"Redfern - Chippendale"},"id":"sa2_chronicdisease_modelledestimate.117031335"},{"type":"Feature","properties":{"mntl_bh_p_me_2_rate_3_11_7_13":13.4579075047886,"area_code":117031338,"area_name":"Waterloo - Beaconsfield"},"id":"sa2_chronicdisease_modelledestimate.117031338"},{"type":"Feature","properties":{"mntl_bh_p_me_2_rate_3_11_7_13":12.6790826543582,"area_code":119031368,"area_name":"Hurstville"},"id":"sa2_chronicdisease_modelledestimate.119031368"},{"type":"Feature","properties":{"mntl_bh_p_me_2_rate_3_11_7_13":14.0896984242142,"area_code":118011339,"area_name":"Bondi - Tamarama - Bronte"},"id":"sa2_chronicdisease_modelledestimate.118011339"},{"type":"Feature","properties":{"mntl_bh_p_me_2_rate_3_11_7_13":12.6979474263195,"area_code":119031369,"area_name":"Mortdale - Penshurst"},"id":"sa2_chronicdisease_modelledestimate.119031369"},{"type":"Feature","properties":{"mntl_bh_p_me_2_rate_3_11_7_13":14.0896984242142,"area_code":118011340,"area_name":"Bondi Beach - North Bondi"},"id":"sa2_chronicdisease_modelledestimate.118011340"},{"type":"Feature","properties":{"mntl_bh_p_me_2_rate_3_11_7_13":13.243742376702,"area_code":118011341,"area_name":"Bondi Junction - Waverly"},"id":"sa2_chronicdisease_modelledestimate.118011341"},{"type":"Feature","properties":{"mntl_bh_p_me_2_rate_3_11_7_13":13.243742376702,"area_code":118011342,"area_name":"Centennial Park"},"id":"sa2_chronicdisease_modelledestimate.118011342"},{"type":"Feature","properties":{"mntl_bh_p_me_2_rate_3_11_7_13":13.0122169838173,"area_code":118011343,"area_name":"Double Bay - Bellevue Hill"},"id":"sa2_chronicdisease_modelledestimate.118011343"},{"type":"Feature","properties":{"mntl_bh_p_me_2_rate_3_11_7_13":13.0122169838173,"area_code":118011345,"area_name":"Paddington - Moore Park"},"id":"sa2_chronicdisease_modelledestimate.118011345"},{"type":"Feature","properties":{"mntl_bh_p_me_2_rate_3_11_7_13":12.3339641080008,"area_code":118011346,"area_name":"Rose Bay - Vaucluse - Watsons Bay"},"id":"sa2_chronicdisease_modelledestimate.118011346"},{"type":"Feature","properties":{"mntl_bh_p_me_2_rate_3_11_7_13":13.243742376702,"area_code":118011347,"area_name":"Woollahra"},"id":"sa2_chronicdisease_modelledestimate.118011347"},{"type":"Feature","properties":{"mntl_bh_p_me_2_rate_3_11_7_13":13.3841063219279,"area_code":118021348,"area_name":"Coogee - Clovelly"},"id":"sa2_chronicdisease_modelledestimate.118021348"},{"type":"Feature","properties":{"mntl_bh_p_me_2_rate_3_11_7_13":13.176903509655,"area_code":118021349,"area_name":"Kensington - Kingsford"},"id":"sa2_chronicdisease_modelledestimate.118021349"},{"type":"Feature","properties":{"mntl_bh_p_me_2_rate_3_11_7_13":12.8444223305669,"area_code":118021350,"area_name":"Malabar - La Perouse - Chifley"},"id":"sa2_chronicdisease_modelledestimate.118021350"},{"type":"Feature","properties":{"mntl_bh_p_me_2_rate_3_11_7_13":12.8444223305669,"area_code":118021351,"area_name":"Maroubra"},"id":"sa2_chronicdisease_modelledestimate.118021351"},{"type":"Feature","properties":{"mntl_bh_p_me_2_rate_3_11_7_13":13.7566645148009,"area_code":118021352,"area_name":"Randwick"},"id":"sa2_chronicdisease_modelledestimate.118021352"},{"type":"Feature","properties":{"mntl_bh_p_me_2_rate_3_11_7_13":12.8579900412271,"area_code":119011353,"area_name":"Bankstown"},"id":"sa2_chronicdisease_modelledestimate.119011353"},{"type":"Feature","properties":{"mntl_bh_p_me_2_rate_3_11_7_13":12.7390993013323,"area_code":119011354,"area_name":"Bass Hill - Georges Hall"},"id":"sa2_chronicdisease_modelledestimate.119011354"},{"type":"Feature","properties":{"mntl_bh_p_me_2_rate_3_11_7_13":12.6706890487331,"area_code":119011355,"area_name":"Chullora"},"id":"sa2_chronicdisease_modelledestimate.119011355"},{"type":"Feature","properties":{"mntl_bh_p_me_2_rate_3_11_7_13":12.6790826543582,"area_code":119031370,"area_name":"Narwee - Beverly Hills"},"id":"sa2_chronicdisease_modelledestimate.119031370"},{"type":"Feature","properties":{"mntl_bh_p_me_2_rate_3_11_7_13":12.7390993013323,"area_code":119011356,"area_name":"Condell Park"},"id":"sa2_chronicdisease_modelledestimate.119011356"},{"type":"Feature","properties":{"mntl_bh_p_me_2_rate_3_11_7_13":12.5204818753375,"area_code":119031371,"area_name":"Oatley - Hurstville Grove"},"id":"sa2_chronicdisease_modelledestimate.119031371"},{"type":"Feature","properties":{"mntl_bh_p_me_2_rate_3_11_7_13":12.6979474263195,"area_code":119031372,"area_name":"Peakhurst - Lugarno"},"id":"sa2_chronicdisease_modelledestimate.119031372"},{"type":"Feature","properties":{"mntl_bh_p_me_2_rate_3_11_7_13":12.6706890487331,"area_code":119011357,"area_name":"Greenacre - Mount Lewis"},"id":"sa2_chronicdisease_modelledestimate.119011357"},{"type":"Feature","properties":{"mntl_bh_p_me_2_rate_3_11_7_13":12.7332277035921,"area_code":119011358,"area_name":"Padstow"},"id":"sa2_chronicdisease_modelledestimate.119011358"},{"type":"Feature","properties":{"mntl_bh_p_me_2_rate_3_11_7_13":12.2182884688764,"area_code":119011359,"area_name":"Panania - Milperra - Picnic Point"},"id":"sa2_chronicdisease_modelledestimate.119011359"},{"type":"Feature","properties":{"mntl_bh_p_me_2_rate_3_11_7_13":11.4051446522775,"area_code":119011360,"area_name":"Revesby"},"id":"sa2_chronicdisease_modelledestimate.119011360"},{"type":"Feature","properties":{"mntl_bh_p_me_2_rate_3_11_7_13":12.6706890487331,"area_code":119011361,"area_name":"Yagoona - Birrong"},"id":"sa2_chronicdisease_modelledestimate.119011361"},{"type":"Feature","properties":{"mntl_bh_p_me_2_rate_3_11_7_13":12.4101664682639,"area_code":119021362,"area_name":"Belmore - Belfield"},"id":"sa2_chronicdisease_modelledestimate.119021362"},{"type":"Feature","properties":{"mntl_bh_p_me_2_rate_3_11_7_13":12.4101664682639,"area_code":119021363,"area_name":"Canterbury (South) - Campsie"},"id":"sa2_chronicdisease_modelledestimate.119021363"},{"type":"Feature","properties":{"mntl_bh_p_me_2_rate_3_11_7_13":10.953495367508,"area_code":119021364,"area_name":"Kingsgrove (North) - Earlwood"},"id":"sa2_chronicdisease_modelledestimate.119021364"},{"type":"Feature","properties":{"mntl_bh_p_me_2_rate_3_11_7_13":12.7324445945231,"area_code":119021365,"area_name":"Lakemba - Wiley Park"},"id":"sa2_chronicdisease_modelledestimate.119021365"},{"type":"Feature","properties":{"mntl_bh_p_me_2_rate_3_11_7_13":10.8012043295222,"area_code":119041378,"area_name":"Kogarah"},"id":"sa2_chronicdisease_modelledestimate.119041378"},{"type":"Feature","properties":{"mntl_bh_p_me_2_rate_3_11_7_13":12.7324445945231,"area_code":119021366,"area_name":"Punchbowl"},"id":"sa2_chronicdisease_modelledestimate.119021366"},{"type":"Feature","properties":{"mntl_bh_p_me_2_rate_3_11_7_13":13.2252028150795,"area_code":119021367,"area_name":"Roselands"},"id":"sa2_chronicdisease_modelledestimate.119021367"},{"type":"Feature","properties":{"mntl_bh_p_me_2_rate_3_11_7_13":12.4481890684111,"area_code":125031479,"area_name":"Chester Hill - Sefton"},"id":"sa2_chronicdisease_modelledestimate.125031479"},{"type":"Feature","properties":{"mntl_bh_p_me_2_rate_3_11_7_13":13.1506080135549,"area_code":119031373,"area_name":"Riverwood"},"id":"sa2_chronicdisease_modelledestimate.119031373"},{"type":"Feature","properties":{"mntl_bh_p_me_2_rate_3_11_7_13":12.5204818753375,"area_code":119031374,"area_name":"South Hurstville - Blakehurst"},"id":"sa2_chronicdisease_modelledestimate.119031374"},{"type":"Feature","properties":{"mntl_bh_p_me_2_rate_3_11_7_13":10.2319239372895,"area_code":124051470,"area_name":"St Clair"},"id":"sa2_chronicdisease_modelledestimate.124051470"},{"type":"Feature","properties":{"mntl_bh_p_me_2_rate_3_11_7_13":11.3960174831488,"area_code":120031394,"area_name":"Dulwich Hill - Lewisham"},"id":"sa2_chronicdisease_modelledestimate.120031394"},{"type":"Feature","properties":{"mntl_bh_p_me_2_rate_3_11_7_13":11.8182148241401,"area_code":120031396,"area_name":"Homebush"},"id":"sa2_chronicdisease_modelledestimate.120031396"},{"type":"Feature","properties":{"mntl_bh_p_me_2_rate_3_11_7_13":11.7671531860296,"area_code":119041375,"area_name":"Arncliffe - Bardwell Valley"},"id":"sa2_chronicdisease_modelledestimate.119041375"},{"type":"Feature","properties":{"mntl_bh_p_me_2_rate_3_11_7_13":11.7946563248406,"area_code":121011402,"area_name":"Willoughby - Castle Cove - Northbridge"},"id":"sa2_chronicdisease_modelledestimate.121011402"},{"type":"Feature","properties":{"mntl_bh_p_me_2_rate_3_11_7_13":11.2399094460813,"area_code":121021403,"area_name":"Asquith - Mount Colah"},"id":"sa2_chronicdisease_modelledestimate.121021403"},{"type":"Feature","properties":{"mntl_bh_p_me_2_rate_3_11_7_13":10.8012043295222,"area_code":119041376,"area_name":"Bexley"},"id":"sa2_chronicdisease_modelledestimate.119041376"},{"type":"Feature","properties":{"mntl_bh_p_me_2_rate_3_11_7_13":10.8502958397657,"area_code":119041377,"area_name":"Kingsgrove (South) - Bardwell Park"},"id":"sa2_chronicdisease_modelledestimate.119041377"},{"type":"Feature","properties":{"mntl_bh_p_me_2_rate_3_11_7_13":11.2399094460813,"area_code":121021404,"area_name":"Berowra - Brooklyn - Cowan"},"id":"sa2_chronicdisease_modelledestimate.121021404"},{"type":"Feature","properties":{"mntl_bh_p_me_2_rate_3_11_7_13":12.7379203718538,"area_code":121021405,"area_name":"Hornsby - Waitara"},"id":"sa2_chronicdisease_modelledestimate.121021405"},{"type":"Feature","properties":{"mntl_bh_p_me_2_rate_3_11_7_13":11.2873268636193,"area_code":121021406,"area_name":"Normanhurst - Thornleigh - Westleigh"},"id":"sa2_chronicdisease_modelledestimate.121021406"},{"type":"Feature","properties":{"mntl_bh_p_me_2_rate_3_11_7_13":11.6929799321281,"area_code":121031407,"area_name":"Gordon - Killara"},"id":"sa2_chronicdisease_modelledestimate.121031407"},{"type":"Feature","properties":{"mntl_bh_p_me_2_rate_3_11_7_13":11.4752038021574,"area_code":121031408,"area_name":"Lindfield - Roseville"},"id":"sa2_chronicdisease_modelledestimate.121031408"},{"type":"Feature","properties":{"mntl_bh_p_me_2_rate_3_11_7_13":11.6929799321281,"area_code":121031409,"area_name":"Pymble"},"id":"sa2_chronicdisease_modelledestimate.121031409"},{"type":"Feature","properties":{"mntl_bh_p_me_2_rate_3_11_7_13":11.060177028139,"area_code":121031410,"area_name":"St Ives"},"id":"sa2_chronicdisease_modelledestimate.121031410"},{"type":"Feature","properties":{"mntl_bh_p_me_2_rate_3_11_7_13":12.9953941370504,"area_code":119041379,"area_name":"Kogarah Bay - Carlton - Allawah"},"id":"sa2_chronicdisease_modelledestimate.119041379"},{"type":"Feature","properties":{"mntl_bh_p_me_2_rate_3_11_7_13":12.9953941370504,"area_code":119041380,"area_name":"Monterey - Brighton-le-Sands - Kyeemagh"},"id":"sa2_chronicdisease_modelledestimate.119041380"},{"type":"Feature","properties":{"mntl_bh_p_me_2_rate_3_11_7_13":11.060177028139,"area_code":121031411,"area_name":"Turramurra"},"id":"sa2_chronicdisease_modelledestimate.121031411"},{"type":"Feature","properties":{"mntl_bh_p_me_2_rate_3_11_7_13":11.7671531860296,"area_code":119041381,"area_name":"Rockdale - Banksia"},"id":"sa2_chronicdisease_modelledestimate.119041381"},{"type":"Feature","properties":{"mntl_bh_p_me_2_rate_3_11_7_13":12.9953941370504,"area_code":119041382,"area_name":"Sans Souci - Ramsgate"},"id":"sa2_chronicdisease_modelledestimate.119041382"},{"type":"Feature","properties":{"mntl_bh_p_me_2_rate_3_11_7_13":11.0773445308442,"area_code":120011383,"area_name":"Concord - Mortlake - Cabarita"},"id":"sa2_chronicdisease_modelledestimate.120011383"},{"type":"Feature","properties":{"mntl_bh_p_me_2_rate_3_11_7_13":11.0773445308442,"area_code":120011384,"area_name":"Concord West - North Strathfield"},"id":"sa2_chronicdisease_modelledestimate.120011384"},{"type":"Feature","properties":{"mntl_bh_p_me_2_rate_3_11_7_13":11.9786564836078,"area_code":120011385,"area_name":"Drummoyne - Rodd Point"},"id":"sa2_chronicdisease_modelledestimate.120011385"},{"type":"Feature","properties":{"mntl_bh_p_me_2_rate_3_11_7_13":11.9786564836078,"area_code":120011386,"area_name":"Five Dock - Abbotsford"},"id":"sa2_chronicdisease_modelledestimate.120011386"},{"type":"Feature","properties":{"mntl_bh_p_me_2_rate_3_11_7_13":11.8081349905631,"area_code":120021387,"area_name":"Balmain"},"id":"sa2_chronicdisease_modelledestimate.120021387"},{"type":"Feature","properties":{"mntl_bh_p_me_2_rate_3_11_7_13":11.060177028139,"area_code":121031412,"area_name":"Wahroonga - Warrawee"},"id":"sa2_chronicdisease_modelledestimate.121031412"},{"type":"Feature","properties":{"mntl_bh_p_me_2_rate_3_11_7_13":11.1743209600198,"area_code":120021388,"area_name":"Leichhardt - Annandale"},"id":"sa2_chronicdisease_modelledestimate.120021388"},{"type":"Feature","properties":{"mntl_bh_p_me_2_rate_3_11_7_13":11.8081349905631,"area_code":120021389,"area_name":"Lilyfield - Rozelle"},"id":"sa2_chronicdisease_modelledestimate.120021389"},{"type":"Feature","properties":{"mntl_bh_p_me_2_rate_3_11_7_13":12.8324411899248,"area_code":121041413,"area_name":"Cremorne - Cammeray"},"id":"sa2_chronicdisease_modelledestimate.121041413"},{"type":"Feature","properties":{"mntl_bh_p_me_2_rate_3_11_7_13":13.1308832970512,"area_code":121041414,"area_name":"Crows Nest - Waverton"},"id":"sa2_chronicdisease_modelledestimate.121041414"},{"type":"Feature","properties":{"mntl_bh_p_me_2_rate_3_11_7_13":12.3389529741478,"area_code":121041415,"area_name":"Mosman"},"id":"sa2_chronicdisease_modelledestimate.121041415"},{"type":"Feature","properties":{"mntl_bh_p_me_2_rate_3_11_7_13":12.8324411899248,"area_code":121041416,"area_name":"Neutral Bay - Kirribilli"},"id":"sa2_chronicdisease_modelledestimate.121041416"},{"type":"Feature","properties":{"mntl_bh_p_me_2_rate_3_11_7_13":13.1308832970512,"area_code":121041417,"area_name":"North Sydney - Lavender Bay"},"id":"sa2_chronicdisease_modelledestimate.121041417"},{"type":"Feature","properties":{"mntl_bh_p_me_2_rate_3_11_7_13":12.4609889218701,"area_code":122011418,"area_name":"Balgowlah - Clontarf - Seaforth"},"id":"sa2_chronicdisease_modelledestimate.122011418"},{"type":"Feature","properties":{"mntl_bh_p_me_2_rate_3_11_7_13":12.4609889218701,"area_code":122011419,"area_name":"Manly - Fairlight"},"id":"sa2_chronicdisease_modelledestimate.122011419"},{"type":"Feature","properties":{"mntl_bh_p_me_2_rate_3_11_7_13":12.1947243109346,"area_code":120031390,"area_name":"Ashfield"},"id":"sa2_chronicdisease_modelledestimate.120031390"},{"type":"Feature","properties":{"mntl_bh_p_me_2_rate_3_11_7_13":11.7968703888133,"area_code":122021420,"area_name":"Avalon - Palm Beach"},"id":"sa2_chronicdisease_modelledestimate.122021420"},{"type":"Feature","properties":{"mntl_bh_p_me_2_rate_3_11_7_13":11.4887435829845,"area_code":122021421,"area_name":"Bayview - Elanora Heights"},"id":"sa2_chronicdisease_modelledestimate.122021421"},{"type":"Feature","properties":{"mntl_bh_p_me_2_rate_3_11_7_13":11.7968703888133,"area_code":122021422,"area_name":"Newport - Bilgola"},"id":"sa2_chronicdisease_modelledestimate.122021422"},{"type":"Feature","properties":{"mntl_bh_p_me_2_rate_3_11_7_13":11.4887435829845,"area_code":122021423,"area_name":"Warriewood - Mona Vale"},"id":"sa2_chronicdisease_modelledestimate.122021423"},{"type":"Feature","properties":{"mntl_bh_p_me_2_rate_3_11_7_13":13.3507183896815,"area_code":125031480,"area_name":"Fairfield - East"},"id":"sa2_chronicdisease_modelledestimate.125031480"},{"type":"Feature","properties":{"mntl_bh_p_me_2_rate_3_11_7_13":12.6203762832793,"area_code":125031481,"area_name":"Granville - Clyde"},"id":"sa2_chronicdisease_modelledestimate.125031481"},{"type":"Feature","properties":{"mntl_bh_p_me_2_rate_3_11_7_13":10.4122785670049,"area_code":125031482,"area_name":"Greystanes - Pemulwuy"},"id":"sa2_chronicdisease_modelledestimate.125031482"},{"type":"Feature","properties":{"mntl_bh_p_me_2_rate_3_11_7_13":12.6203762832793,"area_code":125031483,"area_name":"Guildford - South Granville"},"id":"sa2_chronicdisease_modelledestimate.125031483"},{"type":"Feature","properties":{"mntl_bh_p_me_2_rate_3_11_7_13":12.0774780157552,"area_code":120031391,"area_name":"Burwood - Croydon"},"id":"sa2_chronicdisease_modelledestimate.120031391"},{"type":"Feature","properties":{"mntl_bh_p_me_2_rate_3_11_7_13":11.7938958426679,"area_code":122031429,"area_name":"Freshwater - Brookvale"},"id":"sa2_chronicdisease_modelledestimate.122031429"},{"type":"Feature","properties":{"mntl_bh_p_me_2_rate_3_11_7_13":11.7938958426679,"area_code":122031430,"area_name":"Manly Vale - Allambie Heights"},"id":"sa2_chronicdisease_modelledestimate.122031430"},{"type":"Feature","properties":{"mntl_bh_p_me_2_rate_3_11_7_13":12.0984802200583,"area_code":122031431,"area_name":"Narrabeen - Collaroy"},"id":"sa2_chronicdisease_modelledestimate.122031431"},{"type":"Feature","properties":{"mntl_bh_p_me_2_rate_3_11_7_13":11.0963981572169,"area_code":122031432,"area_name":"Terrey Hills - Duffys Forest"},"id":"sa2_chronicdisease_modelledestimate.122031432"},{"type":"Feature","properties":{"mntl_bh_p_me_2_rate_3_11_7_13":11.0647440594922,"area_code":123011433,"area_name":"Camden - Ellis Lane"},"id":"sa2_chronicdisease_modelledestimate.123011433"},{"type":"Feature","properties":{"mntl_bh_p_me_2_rate_3_11_7_13":10.9958563020898,"area_code":120031392,"area_name":"Canterbury (North) - Ashbury"},"id":"sa2_chronicdisease_modelledestimate.120031392"},{"type":"Feature","properties":{"mntl_bh_p_me_2_rate_3_11_7_13":12.2988767255785,"area_code":123021441,"area_name":"Leumeah - Minto Heights"},"id":"sa2_chronicdisease_modelledestimate.123021441"},{"type":"Feature","properties":{"mntl_bh_p_me_2_rate_3_11_7_13":10.9958563020898,"area_code":120031393,"area_name":"Croydon Park - Enfield"},"id":"sa2_chronicdisease_modelledestimate.120031393"},{"type":"Feature","properties":{"mntl_bh_p_me_2_rate_3_11_7_13":12.843009610803,"area_code":123031447,"area_name":"Picton - Tahmoor - Buxton"},"id":"sa2_chronicdisease_modelledestimate.123031447"},{"type":"Feature","properties":{"mntl_bh_p_me_2_rate_3_11_7_13":11.2631975448827,"area_code":123031448,"area_name":"The Oaks - Oakdale"},"id":"sa2_chronicdisease_modelledestimate.123031448"},{"type":"Feature","properties":{"mntl_bh_p_me_2_rate_3_11_7_13":15.9106269509301,"area_code":124011449,"area_name":"Blackheath - Megalong Valley"},"id":"sa2_chronicdisease_modelledestimate.124011449"},{"type":"Feature","properties":{"mntl_bh_p_me_2_rate_3_11_7_13":11.6540424204175,"area_code":124011450,"area_name":"Blaxland - Warrimoo - Lapstone"},"id":"sa2_chronicdisease_modelledestimate.124011450"},{"type":"Feature","properties":{"mntl_bh_p_me_2_rate_3_11_7_13":12.9071994759616,"area_code":124011451,"area_name":"Blue Mountains - North"},"id":"sa2_chronicdisease_modelledestimate.124011451"},{"type":"Feature","properties":{"mntl_bh_p_me_2_rate_3_11_7_13":15.9106269509301,"area_code":124011452,"area_name":"Katoomba - Leura"},"id":"sa2_chronicdisease_modelledestimate.124011452"},{"type":"Feature","properties":{"mntl_bh_p_me_2_rate_3_11_7_13":12.9071994759616,"area_code":124011453,"area_name":"Lawson - Hazelbrook - Linden"},"id":"sa2_chronicdisease_modelledestimate.124011453"},{"type":"Feature","properties":{"mntl_bh_p_me_2_rate_3_11_7_13":11.3960174831488,"area_code":120031395,"area_name":"Haberfield - Summer Hill"},"id":"sa2_chronicdisease_modelledestimate.120031395"},{"type":"Feature","properties":{"mntl_bh_p_me_2_rate_3_11_7_13":12.9071994759616,"area_code":124011454,"area_name":"Springwood - Winmalee"},"id":"sa2_chronicdisease_modelledestimate.124011454"},{"type":"Feature","properties":{"mntl_bh_p_me_2_rate_3_11_7_13":13.0935180132696,"area_code":120031397,"area_name":"Strathfield"},"id":"sa2_chronicdisease_modelledestimate.120031397"},{"type":"Feature","properties":{"mntl_bh_p_me_2_rate_3_11_7_13":13.0134350602975,"area_code":121011398,"area_name":"Chatswood (East) - Artarmon"},"id":"sa2_chronicdisease_modelledestimate.121011398"},{"type":"Feature","properties":{"mntl_bh_p_me_2_rate_3_11_7_13":13.0134350602975,"area_code":121011399,"area_name":"Chatswood (West) - Lane Cove North"},"id":"sa2_chronicdisease_modelledestimate.121011399"},{"type":"Feature","properties":{"mntl_bh_p_me_2_rate_3_11_7_13":11.7606671292436,"area_code":121011400,"area_name":"Lane Cove - Greenwich"},"id":"sa2_chronicdisease_modelledestimate.121011400"},{"type":"Feature","properties":{"mntl_bh_p_me_2_rate_3_11_7_13":11.7606671292436,"area_code":121011401,"area_name":"St Leonards - Naremburn"},"id":"sa2_chronicdisease_modelledestimate.121011401"},{"type":"Feature","properties":{"mntl_bh_p_me_2_rate_3_11_7_13":12.5501992944279,"area_code":122031424,"area_name":"Beacon Hill - Narraweena"},"id":"sa2_chronicdisease_modelledestimate.122031424"},{"type":"Feature","properties":{"mntl_bh_p_me_2_rate_3_11_7_13":12.0984802200583,"area_code":122031425,"area_name":"Cromer"},"id":"sa2_chronicdisease_modelledestimate.122031425"},{"type":"Feature","properties":{"mntl_bh_p_me_2_rate_3_11_7_13":12.5501992944279,"area_code":122031426,"area_name":"Dee Why - North Curl Curl"},"id":"sa2_chronicdisease_modelledestimate.122031426"},{"type":"Feature","properties":{"mntl_bh_p_me_2_rate_3_11_7_13":11.7938958426679,"area_code":122031427,"area_name":"Forestville - Killarney Heights"},"id":"sa2_chronicdisease_modelledestimate.122031427"},{"type":"Feature","properties":{"mntl_bh_p_me_2_rate_3_11_7_13":11.0963981572169,"area_code":122031428,"area_name":"Frenchs Forest - Belrose"},"id":"sa2_chronicdisease_modelledestimate.122031428"},{"type":"Feature","properties":{"mntl_bh_p_me_2_rate_3_11_7_13":11.0647440594922,"area_code":123011434,"area_name":"Elderslie - Harrington Park"},"id":"sa2_chronicdisease_modelledestimate.123011434"},{"type":"Feature","properties":{"mntl_bh_p_me_2_rate_3_11_7_13":11.1907415263589,"area_code":123011435,"area_name":"Mount Annan - Currans Hill"},"id":"sa2_chronicdisease_modelledestimate.123011435"},{"type":"Feature","properties":{"mntl_bh_p_me_2_rate_3_11_7_13":14.2637227396239,"area_code":123021436,"area_name":"Bradbury - Wedderburn"},"id":"sa2_chronicdisease_modelledestimate.123021436"},{"type":"Feature","properties":{"mntl_bh_p_me_2_rate_3_11_7_13":14.3127572122703,"area_code":123021437,"area_name":"Campbelltown - Woodbine"},"id":"sa2_chronicdisease_modelledestimate.123021437"},{"type":"Feature","properties":{"mntl_bh_p_me_2_rate_3_11_7_13":12.9797177978889,"area_code":123021438,"area_name":"Claymore - Eagle Vale - Raby"},"id":"sa2_chronicdisease_modelledestimate.123021438"},{"type":"Feature","properties":{"mntl_bh_p_me_2_rate_3_11_7_13":14.2637227396239,"area_code":123021439,"area_name":"Holsworthy Military Area"},"id":"sa2_chronicdisease_modelledestimate.123021439"},{"type":"Feature","properties":{"mntl_bh_p_me_2_rate_3_11_7_13":12.2988767255785,"area_code":123021440,"area_name":"Ingleburn - Denham Court"},"id":"sa2_chronicdisease_modelledestimate.123021440"},{"type":"Feature","properties":{"mntl_bh_p_me_2_rate_3_11_7_13":13.6983352658944,"area_code":123021442,"area_name":"Macquarie Fields - Glenfield"},"id":"sa2_chronicdisease_modelledestimate.123021442"},{"type":"Feature","properties":{"mntl_bh_p_me_2_rate_3_11_7_13":12.2988767255785,"area_code":123021443,"area_name":"Minto - St Andrews"},"id":"sa2_chronicdisease_modelledestimate.123021443"},{"type":"Feature","properties":{"mntl_bh_p_me_2_rate_3_11_7_13":14.3127572122703,"area_code":123021444,"area_name":"Rosemeadow - Glen Alpine"},"id":"sa2_chronicdisease_modelledestimate.123021444"},{"type":"Feature","properties":{"mntl_bh_p_me_2_rate_3_11_7_13":12.843009610803,"area_code":123031445,"area_name":"Bargo"},"id":"sa2_chronicdisease_modelledestimate.123031445"},{"type":"Feature","properties":{"mntl_bh_p_me_2_rate_3_11_7_13":11.2631975448827,"area_code":123031446,"area_name":"Douglas Park - Appin"},"id":"sa2_chronicdisease_modelledestimate.123031446"},{"type":"Feature","properties":{"mntl_bh_p_me_2_rate_3_11_7_13":12.9071994759616,"area_code":124011455,"area_name":"Wentworth Falls"},"id":"sa2_chronicdisease_modelledestimate.124011455"},{"type":"Feature","properties":{"mntl_bh_p_me_2_rate_3_11_7_13":null,"area_code":124021456,"area_name":"Blue Mountains - South"},"id":"sa2_chronicdisease_modelledestimate.124021456"},{"type":"Feature","properties":{"mntl_bh_p_me_2_rate_3_11_7_13":12.1963822465023,"area_code":124031457,"area_name":"Cambridge Park"},"id":"sa2_chronicdisease_modelledestimate.124031457"},{"type":"Feature","properties":{"mntl_bh_p_me_2_rate_3_11_7_13":9.68738123223183,"area_code":124031460,"area_name":"Glenmore Park - Regentville"},"id":"sa2_chronicdisease_modelledestimate.124031460"},{"type":"Feature","properties":{"mntl_bh_p_me_2_rate_3_11_7_13":15.0790681632809,"area_code":124031464,"area_name":"Penrith"},"id":"sa2_chronicdisease_modelledestimate.124031464"},{"type":"Feature","properties":{"mntl_bh_p_me_2_rate_3_11_7_13":10.1826197085024,"area_code":124031465,"area_name":"Warragamba - Silverdale"},"id":"sa2_chronicdisease_modelledestimate.124031465"},{"type":"Feature","properties":{"mntl_bh_p_me_2_rate_3_11_7_13":15.2928912864947,"area_code":124041466,"area_name":"Richmond - Clarendon"},"id":"sa2_chronicdisease_modelledestimate.124041466"},{"type":"Feature","properties":{"mntl_bh_p_me_2_rate_3_11_7_13":15.2928912864947,"area_code":124041467,"area_name":"Windsor - Bligh Park"},"id":"sa2_chronicdisease_modelledestimate.124041467"},{"type":"Feature","properties":{"mntl_bh_p_me_2_rate_3_11_7_13":10.3782904537394,"area_code":124041468,"area_name":"Yarramundi - Londonderry"},"id":"sa2_chronicdisease_modelledestimate.124041468"},{"type":"Feature","properties":{"mntl_bh_p_me_2_rate_3_11_7_13":10.2319239372895,"area_code":124051469,"area_name":"Erskine Park"},"id":"sa2_chronicdisease_modelledestimate.124051469"},{"type":"Feature","properties":{"mntl_bh_p_me_2_rate_3_11_7_13":13.2654204353822,"area_code":125031484,"area_name":"Guildford West - Merrylands West"},"id":"sa2_chronicdisease_modelledestimate.125031484"},{"type":"Feature","properties":{"mntl_bh_p_me_2_rate_3_11_7_13":12.4717908729235,"area_code":127021509,"area_name":"Bonnyrigg Heights - Bonnyrigg"},"id":"sa2_chronicdisease_modelledestimate.127021509"},{"type":"Feature","properties":{"mntl_bh_p_me_2_rate_3_11_7_13":11.3856035238682,"area_code":127021510,"area_name":"Bossley Park - Abbotsbury"},"id":"sa2_chronicdisease_modelledestimate.127021510"},{"type":"Feature","properties":{"mntl_bh_p_me_2_rate_3_11_7_13":12.0316351066072,"area_code":125011474,"area_name":"Lidcombe - Regents Park"},"id":"sa2_chronicdisease_modelledestimate.125011474"},{"type":"Feature","properties":{"mntl_bh_p_me_2_rate_3_11_7_13":12.0316351066072,"area_code":125011475,"area_name":"Rookwood Cemetery"},"id":"sa2_chronicdisease_modelledestimate.125011475"},{"type":"Feature","properties":{"mntl_bh_p_me_2_rate_3_11_7_13":12.07832114915,"area_code":125041494,"area_name":"Winston Hills"},"id":"sa2_chronicdisease_modelledestimate.125041494"},{"type":"Feature","properties":{"mntl_bh_p_me_2_rate_3_11_7_13":12.1575596239202,"area_code":126011495,"area_name":"Epping - North Epping"},"id":"sa2_chronicdisease_modelledestimate.126011495"},{"type":"Feature","properties":{"mntl_bh_p_me_2_rate_3_11_7_13":12.0699461779086,"area_code":125021476,"area_name":"Carlingford"},"id":"sa2_chronicdisease_modelledestimate.125021476"},{"type":"Feature","properties":{"mntl_bh_p_me_2_rate_3_11_7_13":12.0536380245118,"area_code":125021477,"area_name":"Ermington - Rydalmere"},"id":"sa2_chronicdisease_modelledestimate.125021477"},{"type":"Feature","properties":{"mntl_bh_p_me_2_rate_3_11_7_13":12.0536380245118,"area_code":125021478,"area_name":"Oatlands - Dundas Valley"},"id":"sa2_chronicdisease_modelledestimate.125021478"},{"type":"Feature","properties":{"mntl_bh_p_me_2_rate_3_11_7_13":12.1575596239202,"area_code":126011496,"area_name":"Pennant Hills - Cheltenham"},"id":"sa2_chronicdisease_modelledestimate.126011496"},{"type":"Feature","properties":{"mntl_bh_p_me_2_rate_3_11_7_13":13.2654204353822,"area_code":125031485,"area_name":"Merrylands - Holroyd"},"id":"sa2_chronicdisease_modelledestimate.125031485"},{"type":"Feature","properties":{"mntl_bh_p_me_2_rate_3_11_7_13":13.2654204353822,"area_code":125031486,"area_name":"Smithfield Industrial"},"id":"sa2_chronicdisease_modelledestimate.125031486"},{"type":"Feature","properties":{"mntl_bh_p_me_2_rate_3_11_7_13":13.2654204353822,"area_code":125031487,"area_name":"Yennora Industrial"},"id":"sa2_chronicdisease_modelledestimate.125031487"},{"type":"Feature","properties":{"mntl_bh_p_me_2_rate_3_11_7_13":13.0281149765262,"area_code":126021497,"area_name":"Eastwood - Denistone"},"id":"sa2_chronicdisease_modelledestimate.126021497"},{"type":"Feature","properties":{"mntl_bh_p_me_2_rate_3_11_7_13":12.1897391036088,"area_code":126021498,"area_name":"Gladesville - Huntleys Point"},"id":"sa2_chronicdisease_modelledestimate.126021498"},{"type":"Feature","properties":{"mntl_bh_p_me_2_rate_3_11_7_13":12.0729061643223,"area_code":125041488,"area_name":"Girraween - Westmead"},"id":"sa2_chronicdisease_modelledestimate.125041488"},{"type":"Feature","properties":{"mntl_bh_p_me_2_rate_3_11_7_13":12.2845953812377,"area_code":125041489,"area_name":"North Parramatta"},"id":"sa2_chronicdisease_modelledestimate.125041489"},{"type":"Feature","properties":{"mntl_bh_p_me_2_rate_3_11_7_13":12.07832114915,"area_code":125041490,"area_name":"North Rocks"},"id":"sa2_chronicdisease_modelledestimate.125041490"},{"type":"Feature","properties":{"mntl_bh_p_me_2_rate_3_11_7_13":12.07832114915,"area_code":125041491,"area_name":"Northmead"},"id":"sa2_chronicdisease_modelledestimate.125041491"},{"type":"Feature","properties":{"mntl_bh_p_me_2_rate_3_11_7_13":12.0729061643223,"area_code":125041492,"area_name":"Parramatta - Rosehill"},"id":"sa2_chronicdisease_modelledestimate.125041492"},{"type":"Feature","properties":{"mntl_bh_p_me_2_rate_3_11_7_13":12.8627376889692,"area_code":125041493,"area_name":"Toongabbie - Constitution Hill"},"id":"sa2_chronicdisease_modelledestimate.125041493"},{"type":"Feature","properties":{"mntl_bh_p_me_2_rate_3_11_7_13":10.9675641902332,"area_code":127011507,"area_name":"Green Valley - Cecil Hills"},"id":"sa2_chronicdisease_modelledestimate.127011507"},{"type":"Feature","properties":{"mntl_bh_p_me_2_rate_3_11_7_13":10.1875221372096,"area_code":127011508,"area_name":"Hoxton Park - Horningsea Park"},"id":"sa2_chronicdisease_modelledestimate.127011508"},{"type":"Feature","properties":{"mntl_bh_p_me_2_rate_3_11_7_13":12.4717908729235,"area_code":127021512,"area_name":"Cabramatta West - Mount Pritchard"},"id":"sa2_chronicdisease_modelledestimate.127021512"},{"type":"Feature","properties":{"mntl_bh_p_me_2_rate_3_11_7_13":14.1329965504889,"area_code":127021513,"area_name":"Canley Vale - Canley Heights"},"id":"sa2_chronicdisease_modelledestimate.127021513"},{"type":"Feature","properties":{"mntl_bh_p_me_2_rate_3_11_7_13":11.3856035238682,"area_code":127021514,"area_name":"Edensor Park"},"id":"sa2_chronicdisease_modelledestimate.127021514"},{"type":"Feature","properties":{"mntl_bh_p_me_2_rate_3_11_7_13":14.1329965504889,"area_code":127021515,"area_name":"Fairfield"},"id":"sa2_chronicdisease_modelledestimate.127021515"},{"type":"Feature","properties":{"mntl_bh_p_me_2_rate_3_11_7_13":12.2690561818171,"area_code":127021516,"area_name":"Fairfield - West"},"id":"sa2_chronicdisease_modelledestimate.127021516"},{"type":"Feature","properties":{"mntl_bh_p_me_2_rate_3_11_7_13":11.3856035238682,"area_code":127021517,"area_name":"Greenfield Park - Prairiewood"},"id":"sa2_chronicdisease_modelledestimate.127021517"},{"type":"Feature","properties":{"mntl_bh_p_me_2_rate_3_11_7_13":10.4634149374947,"area_code":127021518,"area_name":"Horsley Park - Kemps Creek"},"id":"sa2_chronicdisease_modelledestimate.127021518"},{"type":"Feature","properties":{"mntl_bh_p_me_2_rate_3_11_7_13":12.2690561818171,"area_code":127021519,"area_name":"Smithfield - Wetherill Park"},"id":"sa2_chronicdisease_modelledestimate.127021519"},{"type":"Feature","properties":{"mntl_bh_p_me_2_rate_3_11_7_13":11.3131952189002,"area_code":127031522,"area_name":"Casula"},"id":"sa2_chronicdisease_modelledestimate.127031522"},{"type":"Feature","properties":{"mntl_bh_p_me_2_rate_3_11_7_13":10.1691758773796,"area_code":127031523,"area_name":"Chipping Norton - Moorebank"},"id":"sa2_chronicdisease_modelledestimate.127031523"},{"type":"Feature","properties":{"mntl_bh_p_me_2_rate_3_11_7_13":10.1691758773796,"area_code":127031524,"area_name":"Holsworthy - Wattle Grove"},"id":"sa2_chronicdisease_modelledestimate.127031524"},{"type":"Feature","properties":{"mntl_bh_p_me_2_rate_3_11_7_13":13.7400421323801,"area_code":127031525,"area_name":"Liverpool - Warwick Farm"},"id":"sa2_chronicdisease_modelledestimate.127031525"},{"type":"Feature","properties":{"mntl_bh_p_me_2_rate_3_11_7_13":11.3131952189002,"area_code":127031526,"area_name":"Prestons - Lurnea"},"id":"sa2_chronicdisease_modelledestimate.127031526"}]}