{"type":"FeatureCollection","bbox":[0.0,0.0,-1.0,-1.0],"features":[{"type":"Feature","properties":{"mntl_bh_p_me_2_rate_3_11_7_13":15.2309545207599,"area_code":309011224,"area_name":"Broadbeach Waters"},"id":"sa2_chronicdisease_modelledestimate.309011224"},{"type":"Feature","properties":{"mntl_bh_p_me_2_rate_3_11_7_13":14.96751688554,"area_code":309011228,"area_name":"Mermaid Waters"},"id":"sa2_chronicdisease_modelledestimate.309011228"},{"type":"Feature","properties":{"mntl_bh_p_me_2_rate_3_11_7_13":14.4355883428901,"area_code":309011225,"area_name":"Burleigh Heads"},"id":"sa2_chronicdisease_modelledestimate.309011225"},{"type":"Feature","properties":{"mntl_bh_p_me_2_rate_3_11_7_13":14.4355883428901,"area_code":309011226,"area_name":"Burleigh Waters"},"id":"sa2_chronicdisease_modelledestimate.309011226"},{"type":"Feature","properties":{"mntl_bh_p_me_2_rate_3_11_7_13":15.2309545207599,"area_code":309011227,"area_name":"Mermaid Beach - Broadbeach"},"id":"sa2_chronicdisease_modelledestimate.309011227"},{"type":"Feature","properties":{"mntl_bh_p_me_2_rate_3_11_7_13":13.5634729728816,"area_code":309101267,"area_name":"Benowa"},"id":"sa2_chronicdisease_modelledestimate.309101267"},{"type":"Feature","properties":{"mntl_bh_p_me_2_rate_3_11_7_13":16.4514050421688,"area_code":309021230,"area_name":"Coolangatta"},"id":"sa2_chronicdisease_modelledestimate.309021230"},{"type":"Feature","properties":{"mntl_bh_p_me_2_rate_3_11_7_13":14.96751688554,"area_code":309011229,"area_name":"Miami"},"id":"sa2_chronicdisease_modelledestimate.309011229"},{"type":"Feature","properties":{"mntl_bh_p_me_2_rate_3_11_7_13":13.5634729728816,"area_code":309101268,"area_name":"Bundall"},"id":"sa2_chronicdisease_modelledestimate.309101268"},{"type":"Feature","properties":{"mntl_bh_p_me_2_rate_3_11_7_13":16.610724344832,"area_code":309101269,"area_name":"Main Beach"},"id":"sa2_chronicdisease_modelledestimate.309101269"},{"type":"Feature","properties":{"mntl_bh_p_me_2_rate_3_11_7_13":13.9833413673369,"area_code":309021232,"area_name":"Currumbin Waters"},"id":"sa2_chronicdisease_modelledestimate.309021232"},{"type":"Feature","properties":{"mntl_bh_p_me_2_rate_3_11_7_13":15.9205538480217,"area_code":309031236,"area_name":"Biggera Waters"},"id":"sa2_chronicdisease_modelledestimate.309031236"},{"type":"Feature","properties":{"mntl_bh_p_me_2_rate_3_11_7_13":16.4514050421688,"area_code":309021231,"area_name":"Currumbin - Tugun"},"id":"sa2_chronicdisease_modelledestimate.309021231"},{"type":"Feature","properties":{"mntl_bh_p_me_2_rate_3_11_7_13":16.610724344832,"area_code":309101270,"area_name":"Surfers Paradise"},"id":"sa2_chronicdisease_modelledestimate.309101270"},{"type":"Feature","properties":{"mntl_bh_p_me_2_rate_3_11_7_13":13.9833413673369,"area_code":309021233,"area_name":"Elanora"},"id":"sa2_chronicdisease_modelledestimate.309021233"},{"type":"Feature","properties":{"mntl_bh_p_me_2_rate_3_11_7_13":15.950844192258,"area_code":309021234,"area_name":"Palm Beach"},"id":"sa2_chronicdisease_modelledestimate.309021234"},{"type":"Feature","properties":{"mntl_bh_p_me_2_rate_3_11_7_13":12.5446305208493,"area_code":309031235,"area_name":"Arundel"},"id":"sa2_chronicdisease_modelledestimate.309031235"},{"type":"Feature","properties":{"mntl_bh_p_me_2_rate_3_11_7_13":16.526402471424,"area_code":309061248,"area_name":"Nerang - Mount Nathan"},"id":"sa2_chronicdisease_modelledestimate.309061248"},{"type":"Feature","properties":{"mntl_bh_p_me_2_rate_3_11_7_13":17.5795215481977,"area_code":309031238,"area_name":"Labrador"},"id":"sa2_chronicdisease_modelledestimate.309031238"},{"type":"Feature","properties":{"mntl_bh_p_me_2_rate_3_11_7_13":15.9205538480217,"area_code":309031237,"area_name":"Coombabah"},"id":"sa2_chronicdisease_modelledestimate.309031237"},{"type":"Feature","properties":{"mntl_bh_p_me_2_rate_3_11_7_13":12.6494641232497,"area_code":309061247,"area_name":"Highland Park"},"id":"sa2_chronicdisease_modelledestimate.309061247"},{"type":"Feature","properties":{"mntl_bh_p_me_2_rate_3_11_7_13":14.4904674974204,"area_code":309031239,"area_name":"Paradise Point - Hollywell"},"id":"sa2_chronicdisease_modelledestimate.309031239"},{"type":"Feature","properties":{"mntl_bh_p_me_2_rate_3_11_7_13":13.942582945958,"area_code":309071256,"area_name":"Oxenford - Maudsland"},"id":"sa2_chronicdisease_modelledestimate.309071256"},{"type":"Feature","properties":{"mntl_bh_p_me_2_rate_3_11_7_13":12.8061861122263,"area_code":309071257,"area_name":"Pimpama"},"id":"sa2_chronicdisease_modelledestimate.309071257"},{"type":"Feature","properties":{"mntl_bh_p_me_2_rate_3_11_7_13":14.4904674974204,"area_code":309031240,"area_name":"Runaway Bay"},"id":"sa2_chronicdisease_modelledestimate.309031240"},{"type":"Feature","properties":{"mntl_bh_p_me_2_rate_3_11_7_13":13.3011277058534,"area_code":309041241,"area_name":"Guanaba - Springbrook"},"id":"sa2_chronicdisease_modelledestimate.309041241"},{"type":"Feature","properties":{"mntl_bh_p_me_2_rate_3_11_7_13":13.3011277058534,"area_code":309041242,"area_name":"Tamborine - Canungra"},"id":"sa2_chronicdisease_modelledestimate.309041242"},{"type":"Feature","properties":{"mntl_bh_p_me_2_rate_3_11_7_13":13.1263765714972,"area_code":309051243,"area_name":"Currumbin Valley - Tallebudgera"},"id":"sa2_chronicdisease_modelledestimate.309051243"},{"type":"Feature","properties":{"mntl_bh_p_me_2_rate_3_11_7_13":12.8061861122263,"area_code":309071258,"area_name":"Upper Coomera - Willow Vale"},"id":"sa2_chronicdisease_modelledestimate.309071258"},{"type":"Feature","properties":{"mntl_bh_p_me_2_rate_3_11_7_13":13.193204737851,"area_code":309081259,"area_name":"Clear Island Waters"},"id":"sa2_chronicdisease_modelledestimate.309081259"},{"type":"Feature","properties":{"mntl_bh_p_me_2_rate_3_11_7_13":13.0557228497153,"area_code":309051244,"area_name":"Mudgeeraba - Bonogin"},"id":"sa2_chronicdisease_modelledestimate.309051244"},{"type":"Feature","properties":{"mntl_bh_p_me_2_rate_3_11_7_13":13.1263765714972,"area_code":309051245,"area_name":"Reedy Creek - Andrews"},"id":"sa2_chronicdisease_modelledestimate.309051245"},{"type":"Feature","properties":{"mntl_bh_p_me_2_rate_3_11_7_13":12.6494641232497,"area_code":309061246,"area_name":"Carrara"},"id":"sa2_chronicdisease_modelledestimate.309061246"},{"type":"Feature","properties":{"mntl_bh_p_me_2_rate_3_11_7_13":11.9885821337406,"area_code":309061249,"area_name":"Pacific Pines - Gaven"},"id":"sa2_chronicdisease_modelledestimate.309061249"},{"type":"Feature","properties":{"mntl_bh_p_me_2_rate_3_11_7_13":13.193204737851,"area_code":309081260,"area_name":"Merrimac"},"id":"sa2_chronicdisease_modelledestimate.309081260"},{"type":"Feature","properties":{"mntl_bh_p_me_2_rate_3_11_7_13":12.6494641232497,"area_code":309061250,"area_name":"Worongary - Tallai"},"id":"sa2_chronicdisease_modelledestimate.309061250"},{"type":"Feature","properties":{"mntl_bh_p_me_2_rate_3_11_7_13":15.5528741319915,"area_code":309081262,"area_name":"Varsity Lakes"},"id":"sa2_chronicdisease_modelledestimate.309081262"},{"type":"Feature","properties":{"mntl_bh_p_me_2_rate_3_11_7_13":13.3813336850707,"area_code":309071251,"area_name":"Coomera"},"id":"sa2_chronicdisease_modelledestimate.309071251"},{"type":"Feature","properties":{"mntl_bh_p_me_2_rate_3_11_7_13":13.5093415865121,"area_code":309071252,"area_name":"Helensvale"},"id":"sa2_chronicdisease_modelledestimate.309071252"},{"type":"Feature","properties":{"mntl_bh_p_me_2_rate_3_11_7_13":13.3813336850707,"area_code":309071253,"area_name":"Hope Island"},"id":"sa2_chronicdisease_modelledestimate.309071253"},{"type":"Feature","properties":{"mntl_bh_p_me_2_rate_3_11_7_13":12.8061861122263,"area_code":309071254,"area_name":"Jacobs Well - Alberton"},"id":"sa2_chronicdisease_modelledestimate.309071254"},{"type":"Feature","properties":{"mntl_bh_p_me_2_rate_3_11_7_13":13.6368302945168,"area_code":309071255,"area_name":"Ormeau - Yatala"},"id":"sa2_chronicdisease_modelledestimate.309071255"},{"type":"Feature","properties":{"mntl_bh_p_me_2_rate_3_11_7_13":14.5635584005959,"area_code":309081261,"area_name":"Robina"},"id":"sa2_chronicdisease_modelledestimate.309081261"},{"type":"Feature","properties":{"mntl_bh_p_me_2_rate_3_11_7_13":13.3438738075175,"area_code":309091265,"area_name":"Parkwood"},"id":"sa2_chronicdisease_modelledestimate.309091265"},{"type":"Feature","properties":{"mntl_bh_p_me_2_rate_3_11_7_13":13.3438738075175,"area_code":309091263,"area_name":"Ashmore"},"id":"sa2_chronicdisease_modelledestimate.309091263"},{"type":"Feature","properties":{"mntl_bh_p_me_2_rate_3_11_7_13":13.3438738075175,"area_code":309091264,"area_name":"Molendinar"},"id":"sa2_chronicdisease_modelledestimate.309091264"},{"type":"Feature","properties":{"mntl_bh_p_me_2_rate_3_11_7_13":17.1786466064341,"area_code":309091266,"area_name":"Southport"},"id":"sa2_chronicdisease_modelledestimate.309091266"}]}