{"organisation":"TUA_PHIDU","name":"sa2_chronicdisease_modelledestimate","title":"SA2 Chronic Disease - Modelled Estimate 2011-2013","legal":{"attribution":"{datasource.organisationTitle}, ({dataset.attributionYear}): {dataset.title}; accessed from AURIN Portal on {dateOfAccess}.","attributionYear":"2014","clickthrough":false,"copyrightNotice":"&copy; {datasource.organisationTitle} {dataset.copyrightYear}","copyrightYear":"2014","licenceType":"Creative Commons Attribution-NonCommercial-ShareAlike 3.0 Australia (CC BY-NC-SA 3.0 AU)"},"referenceSystemIdentifier":"urn:x-ogc:def:crs:EPSG:4283","geoLevel":"sa2","key":"area_code","keyRegex":null,"availability":"true","geomField":"wkb_geometry","keyword":"chronic disease, modelled estimate, estimate, arthritis, asthma, circulatory system disease, copd, diabetes, high cholesterol, respiratory system disease, hypertension, mental, behavioural, musculoskeletal system diseases, health, population","theme":null,"temporalExtent":{"beginDate":"2011-03-06T00:00:00","endDate":"2013-07-31T00:00:00","selectTime":false},"type":"dataset","_id":"dataset-TUA_PHIDU-sa2_chronicdisease_modelledestimate-sa2","bbox":null,"abstract":"Modelled estimates of chronic diseases including: arthritis, asthma, circulatory system diseases, chronic obstructive pulmonary disease, type 2 diabetes, high cholesterol, hypertension disease, mental and behavioural problems for males and females, musculoskeletal system diseases, respiratory system diseases, and arthritis for 2011-13 by by SA2. SA2 data for this indicator are derived from Population Health Area (PHA) data. PHAs are comprised of one or more whole SA2s. A full listing of SA2s and what percentage of their corresponding PHA has been allocated to them can be found at the following link: http://publichealth.gov.au/AURIN/phidu_PHA_to_SA2_concordance.xls","selectedAttributes":[{"name":"area_code","type":"Integer","title":"Statistical Area Level 2 Code","description":"Statistical Area Level 2 code (2011)","stype":"nominal","isDimension":false},{"name":"area_name","type":"String","title":"Statistical Area Level 2 Name","description":"Statistical Area Level 2 Name (2011)","stype":"nominal","isDimension":false},{"name":"mntl_bh_p_me_2_rate_3_11_7_13","type":"Double","title":"Persons with Mental and Behavioural Problems - Rate per 100","description":"Indirectly age-standardised rate of persons with mental and behavioural problems per 100 people (modelled estimate). Source: Compiled by PHIDU using predictions from the 2011-13 Australian Health Survey, ABS (unpublished), and ABS Estimated Resident Population, average of 30 June 2011 and 2012. SA2 data for this indicator are derived from Population Health Area (PHA) data. PHAs are comprised of one or more whole SA2s. A full listing of SA2s and what percentage of their corresponding PHA has been allocated to them can be found at the following link: http://publichealth.gov.au/AURIN/phidu_PHA_to_SA2_concordance.xls","stype":"ratio","isDimension":false}],"filter":{"filterType":"tabular","feature":{"key":"area_code","geoLevel":"sa2","geoField":"ignored","year":"2006","featureBbox":[153.00790244600012,-28.357864404999926,153.55217124800004,-27.69183600799994],"featureType":"sa4_2016","featureInstance":"309","featureName":"Gold Coast","referenceSystemIdentifier":"urn:x-ogc:def:crs:EPSG:4283","prefix":"","keyTransform":null},"states":["3"]}}