{"type":"FeatureCollection","bbox":[0.0,0.0,-1.0,-1.0],"features":[{"type":"Feature","properties":{"mntl_bh_p_me_2_rate_3_11_7_13":12.4083738634128,"area_code":401021009,"area_name":"Nairne"},"id":"sa2_chronicdisease_modelledestimate.401021009"},{"type":"Feature","properties":{"mntl_bh_p_me_2_rate_3_11_7_13":11.9903425715767,"area_code":401021010,"area_name":"Uraidla - Summertown"},"id":"sa2_chronicdisease_modelledestimate.401021010"},{"type":"Feature","properties":{"mntl_bh_p_me_2_rate_3_11_7_13":13.0804203602712,"area_code":401061021,"area_name":"Prospect"},"id":"sa2_chronicdisease_modelledestimate.401061021"},{"type":"Feature","properties":{"mntl_bh_p_me_2_rate_3_11_7_13":14.1155117331399,"area_code":402041043,"area_name":"Parafield Gardens"},"id":"sa2_chronicdisease_modelledestimate.402041043"},{"type":"Feature","properties":{"mntl_bh_p_me_2_rate_3_11_7_13":15.1907869494213,"area_code":402041047,"area_name":"Salisbury East"},"id":"sa2_chronicdisease_modelledestimate.402041047"},{"type":"Feature","properties":{"mntl_bh_p_me_2_rate_3_11_7_13":13.3451190574026,"area_code":401031013,"area_name":"Toorak Gardens"},"id":"sa2_chronicdisease_modelledestimate.401031013"},{"type":"Feature","properties":{"mntl_bh_p_me_2_rate_3_11_7_13":14.3565956399361,"area_code":401041016,"area_name":"Rostrevor - Magill"},"id":"sa2_chronicdisease_modelledestimate.401041016"},{"type":"Feature","properties":{"mntl_bh_p_me_2_rate_3_11_7_13":15.1271249013087,"area_code":401021007,"area_name":"Mount Barker"},"id":"sa2_chronicdisease_modelledestimate.401021007"},{"type":"Feature","properties":{"mntl_bh_p_me_2_rate_3_11_7_13":13.2169610214918,"area_code":401031011,"area_name":"Burnside - Wattle Park"},"id":"sa2_chronicdisease_modelledestimate.401031011"},{"type":"Feature","properties":{"mntl_bh_p_me_2_rate_3_11_7_13":19.1506833427208,"area_code":401011001,"area_name":"Adelaide"},"id":"sa2_chronicdisease_modelledestimate.401011001"},{"type":"Feature","properties":{"mntl_bh_p_me_2_rate_3_11_7_13":12.4083738634128,"area_code":401021008,"area_name":"Mount Barker Region"},"id":"sa2_chronicdisease_modelledestimate.401021008"},{"type":"Feature","properties":{"mntl_bh_p_me_2_rate_3_11_7_13":15.5338919042342,"area_code":401011002,"area_name":"North Adelaide"},"id":"sa2_chronicdisease_modelledestimate.401011002"},{"type":"Feature","properties":{"mntl_bh_p_me_2_rate_3_11_7_13":12.6851278237085,"area_code":401021003,"area_name":"Adelaide Hills"},"id":"sa2_chronicdisease_modelledestimate.401021003"},{"type":"Feature","properties":{"mntl_bh_p_me_2_rate_3_11_7_13":11.9903425715767,"area_code":401021004,"area_name":"Aldgate - Stirling"},"id":"sa2_chronicdisease_modelledestimate.401021004"},{"type":"Feature","properties":{"mntl_bh_p_me_2_rate_3_11_7_13":12.4083738634128,"area_code":401021005,"area_name":"Hahndorf - Echunga"},"id":"sa2_chronicdisease_modelledestimate.401021005"},{"type":"Feature","properties":{"mntl_bh_p_me_2_rate_3_11_7_13":12.6851278237085,"area_code":401021006,"area_name":"Lobethal - Woodside"},"id":"sa2_chronicdisease_modelledestimate.401021006"},{"type":"Feature","properties":{"mntl_bh_p_me_2_rate_3_11_7_13":13.3451190574026,"area_code":401031012,"area_name":"Glenside - Beaumont"},"id":"sa2_chronicdisease_modelledestimate.401031012"},{"type":"Feature","properties":{"mntl_bh_p_me_2_rate_3_11_7_13":13.6851449206005,"area_code":401051017,"area_name":"Norwood (SA)"},"id":"sa2_chronicdisease_modelledestimate.401051017"},{"type":"Feature","properties":{"mntl_bh_p_me_2_rate_3_11_7_13":13.074100658032,"area_code":401041014,"area_name":"Athelstone"},"id":"sa2_chronicdisease_modelledestimate.401041014"},{"type":"Feature","properties":{"mntl_bh_p_me_2_rate_3_11_7_13":15.0462769773651,"area_code":401051018,"area_name":"Payneham - Felixstow"},"id":"sa2_chronicdisease_modelledestimate.401051018"},{"type":"Feature","properties":{"mntl_bh_p_me_2_rate_3_11_7_13":13.0207173346084,"area_code":401041015,"area_name":"Paradise - Newton"},"id":"sa2_chronicdisease_modelledestimate.401041015"},{"type":"Feature","properties":{"mntl_bh_p_me_2_rate_3_11_7_13":13.0804203602712,"area_code":401061020,"area_name":"Nailsworth - Broadview"},"id":"sa2_chronicdisease_modelledestimate.401061020"},{"type":"Feature","properties":{"mntl_bh_p_me_2_rate_3_11_7_13":13.6851449206005,"area_code":401051019,"area_name":"St Peters - Marden"},"id":"sa2_chronicdisease_modelledestimate.401051019"},{"type":"Feature","properties":{"mntl_bh_p_me_2_rate_3_11_7_13":13.0804203602712,"area_code":401061022,"area_name":"Walkerville"},"id":"sa2_chronicdisease_modelledestimate.401061022"},{"type":"Feature","properties":{"mntl_bh_p_me_2_rate_3_11_7_13":13.7178081995249,"area_code":401071023,"area_name":"Goodwood - Millswood"},"id":"sa2_chronicdisease_modelledestimate.401071023"},{"type":"Feature","properties":{"mntl_bh_p_me_2_rate_3_11_7_13":14.1795338694079,"area_code":401071024,"area_name":"Unley - Parkside"},"id":"sa2_chronicdisease_modelledestimate.401071024"},{"type":"Feature","properties":{"mntl_bh_p_me_2_rate_3_11_7_13":15.1695164761708,"area_code":402011025,"area_name":"Gawler - North"},"id":"sa2_chronicdisease_modelledestimate.402011025"},{"type":"Feature","properties":{"mntl_bh_p_me_2_rate_3_11_7_13":15.8762399227113,"area_code":402011026,"area_name":"Gawler - South"},"id":"sa2_chronicdisease_modelledestimate.402011026"},{"type":"Feature","properties":{"mntl_bh_p_me_2_rate_3_11_7_13":12.9435911432958,"area_code":402011027,"area_name":"Lewiston - Two Wells"},"id":"sa2_chronicdisease_modelledestimate.402011027"},{"type":"Feature","properties":{"mntl_bh_p_me_2_rate_3_11_7_13":12.9703202812885,"area_code":402021028,"area_name":"Craigmore - Blakeview"},"id":"sa2_chronicdisease_modelledestimate.402021028"},{"type":"Feature","properties":{"mntl_bh_p_me_2_rate_3_11_7_13":19.7717295604565,"area_code":402021029,"area_name":"Davoren Park"},"id":"sa2_chronicdisease_modelledestimate.402021029"},{"type":"Feature","properties":{"mntl_bh_p_me_2_rate_3_11_7_13":19.7873336734625,"area_code":402021030,"area_name":"Elizabeth"},"id":"sa2_chronicdisease_modelledestimate.402021030"},{"type":"Feature","properties":{"mntl_bh_p_me_2_rate_3_11_7_13":17.6593668043425,"area_code":402021031,"area_name":"Elizabeth East"},"id":"sa2_chronicdisease_modelledestimate.402021031"},{"type":"Feature","properties":{"mntl_bh_p_me_2_rate_3_11_7_13":19.7873336734625,"area_code":402021034,"area_name":"Smithfield - Elizabeth North"},"id":"sa2_chronicdisease_modelledestimate.402021034"},{"type":"Feature","properties":{"mntl_bh_p_me_2_rate_3_11_7_13":12.9703202812885,"area_code":402021035,"area_name":"Virginia - Waterloo Corner"},"id":"sa2_chronicdisease_modelledestimate.402021035"},{"type":"Feature","properties":{"mntl_bh_p_me_2_rate_3_11_7_13":12.9703202812885,"area_code":402021032,"area_name":"Munno Para West - Angle Vale"},"id":"sa2_chronicdisease_modelledestimate.402021032"},{"type":"Feature","properties":{"mntl_bh_p_me_2_rate_3_11_7_13":12.5761147966524,"area_code":402021033,"area_name":"One Tree Hill"},"id":"sa2_chronicdisease_modelledestimate.402021033"},{"type":"Feature","properties":{"mntl_bh_p_me_2_rate_3_11_7_13":18.5758799551728,"area_code":402031036,"area_name":"Enfield - Blair Athol"},"id":"sa2_chronicdisease_modelledestimate.402031036"},{"type":"Feature","properties":{"mntl_bh_p_me_2_rate_3_11_7_13":14.5104477275785,"area_code":402031037,"area_name":"Northgate - Oakden - Gilles Plains"},"id":"sa2_chronicdisease_modelledestimate.402031037"},{"type":"Feature","properties":{"mntl_bh_p_me_2_rate_3_11_7_13":15.0456678829033,"area_code":402031038,"area_name":"Windsor Gardens"},"id":"sa2_chronicdisease_modelledestimate.402031038"},{"type":"Feature","properties":{"mntl_bh_p_me_2_rate_3_11_7_13":12.3510406075218,"area_code":402041039,"area_name":"Dry Creek - North"},"id":"sa2_chronicdisease_modelledestimate.402041039"},{"type":"Feature","properties":{"mntl_bh_p_me_2_rate_3_11_7_13":15.9119330943132,"area_code":402041040,"area_name":"Ingle Farm"},"id":"sa2_chronicdisease_modelledestimate.402041040"},{"type":"Feature","properties":{"mntl_bh_p_me_2_rate_3_11_7_13":15.1907869494213,"area_code":402041041,"area_name":"Para Hills"},"id":"sa2_chronicdisease_modelledestimate.402041041"},{"type":"Feature","properties":{"mntl_bh_p_me_2_rate_3_11_7_13":14.1155117331399,"area_code":402041042,"area_name":"Parafield"},"id":"sa2_chronicdisease_modelledestimate.402041042"},{"type":"Feature","properties":{"mntl_bh_p_me_2_rate_3_11_7_13":14.1155117331399,"area_code":402041044,"area_name":"Paralowie"},"id":"sa2_chronicdisease_modelledestimate.402041044"},{"type":"Feature","properties":{"mntl_bh_p_me_2_rate_3_11_7_13":12.3510406075218,"area_code":402041045,"area_name":"Pooraka"},"id":"sa2_chronicdisease_modelledestimate.402041045"},{"type":"Feature","properties":{"mntl_bh_p_me_2_rate_3_11_7_13":16.3185675905003,"area_code":402041048,"area_name":"Salisbury North"},"id":"sa2_chronicdisease_modelledestimate.402041048"},{"type":"Feature","properties":{"mntl_bh_p_me_2_rate_3_11_7_13":13.4300875381003,"area_code":402051049,"area_name":"Golden Grove"},"id":"sa2_chronicdisease_modelledestimate.402051049"},{"type":"Feature","properties":{"mntl_bh_p_me_2_rate_3_11_7_13":16.3185675905003,"area_code":402041046,"area_name":"Salisbury"},"id":"sa2_chronicdisease_modelledestimate.402041046"},{"type":"Feature","properties":{"mntl_bh_p_me_2_rate_3_11_7_13":13.4300875381003,"area_code":402051050,"area_name":"Greenwith"},"id":"sa2_chronicdisease_modelledestimate.402051050"},{"type":"Feature","properties":{"mntl_bh_p_me_2_rate_3_11_7_13":12.4263703685417,"area_code":402051051,"area_name":"Highbury - Dernancourt"},"id":"sa2_chronicdisease_modelledestimate.402051051"},{"type":"Feature","properties":{"mntl_bh_p_me_2_rate_3_11_7_13":16.2572852946596,"area_code":402051052,"area_name":"Hope Valley - Modbury"},"id":"sa2_chronicdisease_modelledestimate.402051052"},{"type":"Feature","properties":{"mntl_bh_p_me_2_rate_3_11_7_13":12.8111443392132,"area_code":402051053,"area_name":"Modbury Heights"},"id":"sa2_chronicdisease_modelledestimate.402051053"},{"type":"Feature","properties":{"mntl_bh_p_me_2_rate_3_11_7_13":12.8111443392132,"area_code":402051054,"area_name":"Redwood Park"},"id":"sa2_chronicdisease_modelledestimate.402051054"},{"type":"Feature","properties":{"mntl_bh_p_me_2_rate_3_11_7_13":13.6092428007553,"area_code":402051055,"area_name":"St Agnes - Ridgehaven"},"id":"sa2_chronicdisease_modelledestimate.402051055"},{"type":"Feature","properties":{"mntl_bh_p_me_2_rate_3_11_7_13":12.5352548341242,"area_code":403021060,"area_name":"Marino - Seaview Downs"},"id":"sa2_chronicdisease_modelledestimate.403021060"},{"type":"Feature","properties":{"mntl_bh_p_me_2_rate_3_11_7_13":14.1552834994104,"area_code":403011056,"area_name":"Brighton (SA)"},"id":"sa2_chronicdisease_modelledestimate.403011056"},{"type":"Feature","properties":{"mntl_bh_p_me_2_rate_3_11_7_13":17.0932479789065,"area_code":403021061,"area_name":"Mitchell Park"},"id":"sa2_chronicdisease_modelledestimate.403021061"},{"type":"Feature","properties":{"mntl_bh_p_me_2_rate_3_11_7_13":14.1552834994104,"area_code":403011057,"area_name":"Glenelg (SA)"},"id":"sa2_chronicdisease_modelledestimate.403011057"},{"type":"Feature","properties":{"mntl_bh_p_me_2_rate_3_11_7_13":16.3132518927207,"area_code":403021058,"area_name":"Edwardstown"},"id":"sa2_chronicdisease_modelledestimate.403021058"},{"type":"Feature","properties":{"mntl_bh_p_me_2_rate_3_11_7_13":12.5352548341242,"area_code":403021059,"area_name":"Hallett Cove"},"id":"sa2_chronicdisease_modelledestimate.403021059"},{"type":"Feature","properties":{"mntl_bh_p_me_2_rate_3_11_7_13":16.3132518927207,"area_code":403021062,"area_name":"Morphettville"},"id":"sa2_chronicdisease_modelledestimate.403021062"},{"type":"Feature","properties":{"mntl_bh_p_me_2_rate_3_11_7_13":17.0932479789065,"area_code":403021064,"area_name":"Warradale"},"id":"sa2_chronicdisease_modelledestimate.403021064"},{"type":"Feature","properties":{"mntl_bh_p_me_2_rate_3_11_7_13":12.5352548341242,"area_code":403021063,"area_name":"Sheidow Park - Trott Park"},"id":"sa2_chronicdisease_modelledestimate.403021063"},{"type":"Feature","properties":{"mntl_bh_p_me_2_rate_3_11_7_13":12.7079207578844,"area_code":403031065,"area_name":"Belair"},"id":"sa2_chronicdisease_modelledestimate.403031065"},{"type":"Feature","properties":{"mntl_bh_p_me_2_rate_3_11_7_13":12.7079207578844,"area_code":403031066,"area_name":"Bellevue Heights"},"id":"sa2_chronicdisease_modelledestimate.403031066"},{"type":"Feature","properties":{"mntl_bh_p_me_2_rate_3_11_7_13":12.7079207578844,"area_code":403031067,"area_name":"Blackwood"},"id":"sa2_chronicdisease_modelledestimate.403031067"},{"type":"Feature","properties":{"mntl_bh_p_me_2_rate_3_11_7_13":13.6521070450033,"area_code":403031068,"area_name":"Colonel Light Gardens"},"id":"sa2_chronicdisease_modelledestimate.403031068"},{"type":"Feature","properties":{"mntl_bh_p_me_2_rate_3_11_7_13":13.6521070450033,"area_code":403031069,"area_name":"Mitcham (SA)"},"id":"sa2_chronicdisease_modelledestimate.403031069"},{"type":"Feature","properties":{"mntl_bh_p_me_2_rate_3_11_7_13":14.6909313955137,"area_code":403031070,"area_name":"Panorama"},"id":"sa2_chronicdisease_modelledestimate.403031070"},{"type":"Feature","properties":{"mntl_bh_p_me_2_rate_3_11_7_13":13.2701772646585,"area_code":403041071,"area_name":"Aberfoyle Park"},"id":"sa2_chronicdisease_modelledestimate.403041071"},{"type":"Feature","properties":{"mntl_bh_p_me_2_rate_3_11_7_13":15.2120823729274,"area_code":403041086,"area_name":"Reynella"},"id":"sa2_chronicdisease_modelledestimate.403041086"},{"type":"Feature","properties":{"mntl_bh_p_me_2_rate_3_11_7_13":16.9382903982857,"area_code":403041072,"area_name":"Aldinga"},"id":"sa2_chronicdisease_modelledestimate.403041072"},{"type":"Feature","properties":{"mntl_bh_p_me_2_rate_3_11_7_13":14.6370811899581,"area_code":403041087,"area_name":"Seaford (SA)"},"id":"sa2_chronicdisease_modelledestimate.403041087"},{"type":"Feature","properties":{"mntl_bh_p_me_2_rate_3_11_7_13":17.805243034167,"area_code":403041073,"area_name":"Christie Downs"},"id":"sa2_chronicdisease_modelledestimate.403041073"},{"type":"Feature","properties":{"mntl_bh_p_me_2_rate_3_11_7_13":13.2701772646585,"area_code":403041076,"area_name":"Coromandel Valley"},"id":"sa2_chronicdisease_modelledestimate.403041076"},{"type":"Feature","properties":{"mntl_bh_p_me_2_rate_3_11_7_13":18.1233446184506,"area_code":403041074,"area_name":"Christies Beach"},"id":"sa2_chronicdisease_modelledestimate.403041074"},{"type":"Feature","properties":{"mntl_bh_p_me_2_rate_3_11_7_13":12.7202464428073,"area_code":403041075,"area_name":"Clarendon"},"id":"sa2_chronicdisease_modelledestimate.403041075"},{"type":"Feature","properties":{"mntl_bh_p_me_2_rate_3_11_7_13":17.805243034167,"area_code":403041079,"area_name":"Hackham West - Huntfield Heights"},"id":"sa2_chronicdisease_modelledestimate.403041079"},{"type":"Feature","properties":{"mntl_bh_p_me_2_rate_3_11_7_13":13.2701772646585,"area_code":403041077,"area_name":"Flagstaff Hill"},"id":"sa2_chronicdisease_modelledestimate.403041077"},{"type":"Feature","properties":{"mntl_bh_p_me_2_rate_3_11_7_13":14.6370811899581,"area_code":403041078,"area_name":"Hackham - Onkaparinga Hills"},"id":"sa2_chronicdisease_modelledestimate.403041078"},{"type":"Feature","properties":{"mntl_bh_p_me_2_rate_3_11_7_13":13.713744037467,"area_code":403041080,"area_name":"Happy Valley"},"id":"sa2_chronicdisease_modelledestimate.403041080"},{"type":"Feature","properties":{"mntl_bh_p_me_2_rate_3_11_7_13":13.713744037467,"area_code":403041081,"area_name":"Happy Valley Reservoir"},"id":"sa2_chronicdisease_modelledestimate.403041081"},{"type":"Feature","properties":{"mntl_bh_p_me_2_rate_3_11_7_13":16.797761749033,"area_code":403041085,"area_name":"Morphett Vale - West"},"id":"sa2_chronicdisease_modelledestimate.403041085"},{"type":"Feature","properties":{"mntl_bh_p_me_2_rate_3_11_7_13":18.1233446184506,"area_code":403041082,"area_name":"Lonsdale"},"id":"sa2_chronicdisease_modelledestimate.403041082"},{"type":"Feature","properties":{"mntl_bh_p_me_2_rate_3_11_7_13":12.7202464428073,"area_code":403041083,"area_name":"McLaren Vale"},"id":"sa2_chronicdisease_modelledestimate.403041083"},{"type":"Feature","properties":{"mntl_bh_p_me_2_rate_3_11_7_13":16.797761749033,"area_code":403041084,"area_name":"Morphett Vale - East"},"id":"sa2_chronicdisease_modelledestimate.403041084"},{"type":"Feature","properties":{"mntl_bh_p_me_2_rate_3_11_7_13":12.7202464428073,"area_code":403041088,"area_name":"Willunga"},"id":"sa2_chronicdisease_modelledestimate.403041088"},{"type":"Feature","properties":{"mntl_bh_p_me_2_rate_3_11_7_13":13.713744037467,"area_code":403041089,"area_name":"Woodcroft"},"id":"sa2_chronicdisease_modelledestimate.403041089"},{"type":"Feature","properties":{"mntl_bh_p_me_2_rate_3_11_7_13":12.9657784713474,"area_code":404011090,"area_name":"Beverley"},"id":"sa2_chronicdisease_modelledestimate.404011090"},{"type":"Feature","properties":{"mntl_bh_p_me_2_rate_3_11_7_13":13.7099210308608,"area_code":404011091,"area_name":"Flinders Park"},"id":"sa2_chronicdisease_modelledestimate.404011091"},{"type":"Feature","properties":{"mntl_bh_p_me_2_rate_3_11_7_13":13.9409345857554,"area_code":404011092,"area_name":"Henley Beach"},"id":"sa2_chronicdisease_modelledestimate.404011092"},{"type":"Feature","properties":{"mntl_bh_p_me_2_rate_3_11_7_13":12.9657784713474,"area_code":404011093,"area_name":"Hindmarsh - Brompton"},"id":"sa2_chronicdisease_modelledestimate.404011093"},{"type":"Feature","properties":{"mntl_bh_p_me_2_rate_3_11_7_13":13.3000929274257,"area_code":404011094,"area_name":"Royal Park - Hendon - Albert Park"},"id":"sa2_chronicdisease_modelledestimate.404011094"},{"type":"Feature","properties":{"mntl_bh_p_me_2_rate_3_11_7_13":13.7099210308608,"area_code":404011095,"area_name":"Seaton - Grange"},"id":"sa2_chronicdisease_modelledestimate.404011095"},{"type":"Feature","properties":{"mntl_bh_p_me_2_rate_3_11_7_13":13.9264805197753,"area_code":404011096,"area_name":"West Lakes"},"id":"sa2_chronicdisease_modelledestimate.404011096"},{"type":"Feature","properties":{"mntl_bh_p_me_2_rate_3_11_7_13":13.3000929274257,"area_code":404011097,"area_name":"Woodville - Cheltenham"},"id":"sa2_chronicdisease_modelledestimate.404011097"},{"type":"Feature","properties":{"mntl_bh_p_me_2_rate_3_11_7_13":14.7643141844543,"area_code":404021098,"area_name":"Dry Creek - South"},"id":"sa2_chronicdisease_modelledestimate.404021098"},{"type":"Feature","properties":{"mntl_bh_p_me_2_rate_3_11_7_13":14.5776969756004,"area_code":404021099,"area_name":"Largs Bay - Semaphore"},"id":"sa2_chronicdisease_modelledestimate.404021099"},{"type":"Feature","properties":{"mntl_bh_p_me_2_rate_3_11_7_13":14.5776969756004,"area_code":404021100,"area_name":"North Haven"},"id":"sa2_chronicdisease_modelledestimate.404021100"},{"type":"Feature","properties":{"mntl_bh_p_me_2_rate_3_11_7_13":14.7643141844543,"area_code":404021101,"area_name":"Port Adelaide"},"id":"sa2_chronicdisease_modelledestimate.404021101"},{"type":"Feature","properties":{"mntl_bh_p_me_2_rate_3_11_7_13":14.7643141844543,"area_code":404021102,"area_name":"The Parks"},"id":"sa2_chronicdisease_modelledestimate.404021102"},{"type":"Feature","properties":{"mntl_bh_p_me_2_rate_3_11_7_13":null,"area_code":404021103,"area_name":"Torrens Island"},"id":"sa2_chronicdisease_modelledestimate.404021103"},{"type":"Feature","properties":{"mntl_bh_p_me_2_rate_3_11_7_13":14.5702069884195,"area_code":404031104,"area_name":"Adelaide Airport"},"id":"sa2_chronicdisease_modelledestimate.404031104"},{"type":"Feature","properties":{"mntl_bh_p_me_2_rate_3_11_7_13":13.8649704443053,"area_code":404031105,"area_name":"Fulham"},"id":"sa2_chronicdisease_modelledestimate.404031105"},{"type":"Feature","properties":{"mntl_bh_p_me_2_rate_3_11_7_13":14.3102380317522,"area_code":404031107,"area_name":"Plympton"},"id":"sa2_chronicdisease_modelledestimate.404031107"},{"type":"Feature","properties":{"mntl_bh_p_me_2_rate_3_11_7_13":14.5702069884195,"area_code":404031106,"area_name":"Lockleys"},"id":"sa2_chronicdisease_modelledestimate.404031106"},{"type":"Feature","properties":{"mntl_bh_p_me_2_rate_3_11_7_13":13.9728345149144,"area_code":404031108,"area_name":"Richmond (SA)"},"id":"sa2_chronicdisease_modelledestimate.404031108"},{"type":"Feature","properties":{"mntl_bh_p_me_2_rate_3_11_7_13":13.8649704443053,"area_code":404031109,"area_name":"West Beach"},"id":"sa2_chronicdisease_modelledestimate.404031109"}]}