{"type":"FeatureCollection","bbox":[0.0,0.0,-1.0,-1.0],"features":[{"type":"Feature","properties":{"mntl_bh_p_me_2_rate_3_11_7_13":12.8456141331633,"area_code":305021113,"area_name":"Balmoral"},"id":"sa2_chronicdisease_modelledestimate.305021113"},{"type":"Feature","properties":{"mntl_bh_p_me_2_rate_3_11_7_13":14.348251083404,"area_code":303021056,"area_name":"Holland Park"},"id":"sa2_chronicdisease_modelledestimate.303021056"},{"type":"Feature","properties":{"mntl_bh_p_me_2_rate_3_11_7_13":14.348251083404,"area_code":303021057,"area_name":"Holland Park West"},"id":"sa2_chronicdisease_modelledestimate.303021057"},{"type":"Feature","properties":{"mntl_bh_p_me_2_rate_3_11_7_13":13.1475114175399,"area_code":301031019,"area_name":"Wakerley"},"id":"sa2_chronicdisease_modelledestimate.301031019"},{"type":"Feature","properties":{"mntl_bh_p_me_2_rate_3_11_7_13":14.4485690786483,"area_code":303031061,"area_name":"Macgregor (Qld)"},"id":"sa2_chronicdisease_modelledestimate.303031061"},{"type":"Feature","properties":{"mntl_bh_p_me_2_rate_3_11_7_13":11.8104633112932,"area_code":311061335,"area_name":"Underwood"},"id":"sa2_chronicdisease_modelledestimate.311061335"},{"type":"Feature","properties":{"mntl_bh_p_me_2_rate_3_11_7_13":13.102961229342,"area_code":301011001,"area_name":"Alexandra Hills"},"id":"sa2_chronicdisease_modelledestimate.301011001"},{"type":"Feature","properties":{"mntl_bh_p_me_2_rate_3_11_7_13":12.4786532791547,"area_code":301011002,"area_name":"Belmont - Gumdale"},"id":"sa2_chronicdisease_modelledestimate.301011002"},{"type":"Feature","properties":{"mntl_bh_p_me_2_rate_3_11_7_13":14.0307492072038,"area_code":302041042,"area_name":"Brighton (Qld)"},"id":"sa2_chronicdisease_modelledestimate.302041042"},{"type":"Feature","properties":{"mntl_bh_p_me_2_rate_3_11_7_13":12.4786532791547,"area_code":301011003,"area_name":"Birkdale"},"id":"sa2_chronicdisease_modelledestimate.301011003"},{"type":"Feature","properties":{"mntl_bh_p_me_2_rate_3_11_7_13":12.3656919741674,"area_code":303051072,"area_name":"Algester"},"id":"sa2_chronicdisease_modelledestimate.303051072"},{"type":"Feature","properties":{"mntl_bh_p_me_2_rate_3_11_7_13":13.102961229342,"area_code":301011004,"area_name":"Capalaba"},"id":"sa2_chronicdisease_modelledestimate.301011004"},{"type":"Feature","properties":{"mntl_bh_p_me_2_rate_3_11_7_13":12.4786532791547,"area_code":301011005,"area_name":"Thorneside"},"id":"sa2_chronicdisease_modelledestimate.301011005"},{"type":"Feature","properties":{"mntl_bh_p_me_2_rate_3_11_7_13":12.8150343851179,"area_code":301011006,"area_name":"Wellington Point"},"id":"sa2_chronicdisease_modelledestimate.301011006"},{"type":"Feature","properties":{"mntl_bh_p_me_2_rate_3_11_7_13":15.4296323202436,"area_code":301021007,"area_name":"Cleveland"},"id":"sa2_chronicdisease_modelledestimate.301021007"},{"type":"Feature","properties":{"mntl_bh_p_me_2_rate_3_11_7_13":15.4296323202436,"area_code":301021008,"area_name":"Ormiston"},"id":"sa2_chronicdisease_modelledestimate.301021008"},{"type":"Feature","properties":{"mntl_bh_p_me_2_rate_3_11_7_13":11.9739281781597,"area_code":301021009,"area_name":"Redland Bay"},"id":"sa2_chronicdisease_modelledestimate.301021009"},{"type":"Feature","properties":{"mntl_bh_p_me_2_rate_3_11_7_13":19.2910142308258,"area_code":301021010,"area_name":"Redland Islands"},"id":"sa2_chronicdisease_modelledestimate.301021010"},{"type":"Feature","properties":{"mntl_bh_p_me_2_rate_3_11_7_13":11.9739281781597,"area_code":301021011,"area_name":"Sheldon - Mount Cotton"},"id":"sa2_chronicdisease_modelledestimate.301021011"},{"type":"Feature","properties":{"mntl_bh_p_me_2_rate_3_11_7_13":12.6845157244187,"area_code":301021012,"area_name":"Thornlands"},"id":"sa2_chronicdisease_modelledestimate.301021012"},{"type":"Feature","properties":{"mntl_bh_p_me_2_rate_3_11_7_13":15.5824739028028,"area_code":301021013,"area_name":"Victoria Point"},"id":"sa2_chronicdisease_modelledestimate.301021013"},{"type":"Feature","properties":{"mntl_bh_p_me_2_rate_3_11_7_13":14.7059088108869,"area_code":301031014,"area_name":"Brisbane Port - Lytton"},"id":"sa2_chronicdisease_modelledestimate.301031014"},{"type":"Feature","properties":{"mntl_bh_p_me_2_rate_3_11_7_13":13.1475114175399,"area_code":301031015,"area_name":"Manly - Lota"},"id":"sa2_chronicdisease_modelledestimate.301031015"},{"type":"Feature","properties":{"mntl_bh_p_me_2_rate_3_11_7_13":13.1475114175399,"area_code":301031016,"area_name":"Manly West"},"id":"sa2_chronicdisease_modelledestimate.301031016"},{"type":"Feature","properties":{"mntl_bh_p_me_2_rate_3_11_7_13":11.6652426471399,"area_code":301031018,"area_name":"Tingalpa"},"id":"sa2_chronicdisease_modelledestimate.301031018"},{"type":"Feature","properties":{"mntl_bh_p_me_2_rate_3_11_7_13":11.6652426471399,"area_code":301031017,"area_name":"Murarrie"},"id":"sa2_chronicdisease_modelledestimate.301031017"},{"type":"Feature","properties":{"mntl_bh_p_me_2_rate_3_11_7_13":14.7059088108869,"area_code":301031020,"area_name":"Wynnum"},"id":"sa2_chronicdisease_modelledestimate.301031020"},{"type":"Feature","properties":{"mntl_bh_p_me_2_rate_3_11_7_13":16.3957383125063,"area_code":302041046,"area_name":"Zillmere"},"id":"sa2_chronicdisease_modelledestimate.302041046"},{"type":"Feature","properties":{"mntl_bh_p_me_2_rate_3_11_7_13":14.4217838186691,"area_code":301031021,"area_name":"Wynnum West - Hemmant"},"id":"sa2_chronicdisease_modelledestimate.301031021"},{"type":"Feature","properties":{"mntl_bh_p_me_2_rate_3_11_7_13":13.2121866811148,"area_code":302011022,"area_name":"Bald Hills"},"id":"sa2_chronicdisease_modelledestimate.302011022"},{"type":"Feature","properties":{"mntl_bh_p_me_2_rate_3_11_7_13":13.2121866811148,"area_code":302011024,"area_name":"Carseldine"},"id":"sa2_chronicdisease_modelledestimate.302011024"},{"type":"Feature","properties":{"mntl_bh_p_me_2_rate_3_11_7_13":13.0391880872967,"area_code":302011023,"area_name":"Bridgeman Downs"},"id":"sa2_chronicdisease_modelledestimate.302011023"},{"type":"Feature","properties":{"mntl_bh_p_me_2_rate_3_11_7_13":13.0391880872967,"area_code":302011025,"area_name":"Everton Park"},"id":"sa2_chronicdisease_modelledestimate.302011025"},{"type":"Feature","properties":{"mntl_bh_p_me_2_rate_3_11_7_13":13.0391880872967,"area_code":302011026,"area_name":"McDowall"},"id":"sa2_chronicdisease_modelledestimate.302011026"},{"type":"Feature","properties":{"mntl_bh_p_me_2_rate_3_11_7_13":13.4986226051598,"area_code":302021027,"area_name":"Aspley"},"id":"sa2_chronicdisease_modelledestimate.302021027"},{"type":"Feature","properties":{"mntl_bh_p_me_2_rate_3_11_7_13":16.8303076945915,"area_code":302021028,"area_name":"Chermside"},"id":"sa2_chronicdisease_modelledestimate.302021028"},{"type":"Feature","properties":{"mntl_bh_p_me_2_rate_3_11_7_13":13.4986226051598,"area_code":302021029,"area_name":"Chermside West"},"id":"sa2_chronicdisease_modelledestimate.302021029"},{"type":"Feature","properties":{"mntl_bh_p_me_2_rate_3_11_7_13":13.4986226051598,"area_code":302021030,"area_name":"Geebung"},"id":"sa2_chronicdisease_modelledestimate.302021030"},{"type":"Feature","properties":{"mntl_bh_p_me_2_rate_3_11_7_13":12.860378376519,"area_code":302021031,"area_name":"Kedron - Gordon Park"},"id":"sa2_chronicdisease_modelledestimate.302021031"},{"type":"Feature","properties":{"mntl_bh_p_me_2_rate_3_11_7_13":15.0748556543495,"area_code":302021032,"area_name":"Stafford"},"id":"sa2_chronicdisease_modelledestimate.302021032"},{"type":"Feature","properties":{"mntl_bh_p_me_2_rate_3_11_7_13":15.0748556543495,"area_code":302021033,"area_name":"Stafford Heights"},"id":"sa2_chronicdisease_modelledestimate.302021033"},{"type":"Feature","properties":{"mntl_bh_p_me_2_rate_3_11_7_13":14.2477793964044,"area_code":302031037,"area_name":"Eagle Farm - Pinkenba"},"id":"sa2_chronicdisease_modelledestimate.302031037"},{"type":"Feature","properties":{"mntl_bh_p_me_2_rate_3_11_7_13":12.860378376519,"area_code":302021034,"area_name":"Wavell Heights"},"id":"sa2_chronicdisease_modelledestimate.302021034"},{"type":"Feature","properties":{"mntl_bh_p_me_2_rate_3_11_7_13":14.2477793964044,"area_code":302031038,"area_name":"Northgate - Virginia"},"id":"sa2_chronicdisease_modelledestimate.302031038"},{"type":"Feature","properties":{"mntl_bh_p_me_2_rate_3_11_7_13":14.2477793964044,"area_code":302031039,"area_name":"Nudgee - Banyo"},"id":"sa2_chronicdisease_modelledestimate.302031039"},{"type":"Feature","properties":{"mntl_bh_p_me_2_rate_3_11_7_13":14.2477793964044,"area_code":302031035,"area_name":"Boondall"},"id":"sa2_chronicdisease_modelledestimate.302031035"},{"type":"Feature","properties":{"mntl_bh_p_me_2_rate_3_11_7_13":14.2477793964044,"area_code":302031036,"area_name":"Brisbane Airport"},"id":"sa2_chronicdisease_modelledestimate.302031036"},{"type":"Feature","properties":{"mntl_bh_p_me_2_rate_3_11_7_13":14.2477793964044,"area_code":302031040,"area_name":"Nundah"},"id":"sa2_chronicdisease_modelledestimate.302031040"},{"type":"Feature","properties":{"mntl_bh_p_me_2_rate_3_11_7_13":13.5356632807583,"area_code":302041041,"area_name":"Bracken Ridge"},"id":"sa2_chronicdisease_modelledestimate.302041041"},{"type":"Feature","properties":{"mntl_bh_p_me_2_rate_3_11_7_13":15.081646510295,"area_code":302041043,"area_name":"Deagon"},"id":"sa2_chronicdisease_modelledestimate.302041043"},{"type":"Feature","properties":{"mntl_bh_p_me_2_rate_3_11_7_13":15.081646510295,"area_code":302041045,"area_name":"Taigum - Fitzgibbon"},"id":"sa2_chronicdisease_modelledestimate.302041045"},{"type":"Feature","properties":{"mntl_bh_p_me_2_rate_3_11_7_13":14.0307492072038,"area_code":302041044,"area_name":"Sandgate - Shorncliffe"},"id":"sa2_chronicdisease_modelledestimate.302041044"},{"type":"Feature","properties":{"mntl_bh_p_me_2_rate_3_11_7_13":13.08895978007,"area_code":303011047,"area_name":"Camp Hill"},"id":"sa2_chronicdisease_modelledestimate.303011047"},{"type":"Feature","properties":{"mntl_bh_p_me_2_rate_3_11_7_13":13.7254138342576,"area_code":303011048,"area_name":"Cannon Hill"},"id":"sa2_chronicdisease_modelledestimate.303011048"},{"type":"Feature","properties":{"mntl_bh_p_me_2_rate_3_11_7_13":13.7254138342576,"area_code":303011049,"area_name":"Carina"},"id":"sa2_chronicdisease_modelledestimate.303011049"},{"type":"Feature","properties":{"mntl_bh_p_me_2_rate_3_11_7_13":13.7254138342576,"area_code":303011050,"area_name":"Carina Heights"},"id":"sa2_chronicdisease_modelledestimate.303011050"},{"type":"Feature","properties":{"mntl_bh_p_me_2_rate_3_11_7_13":17.863657849076,"area_code":311061336,"area_name":"Woodridge"},"id":"sa2_chronicdisease_modelledestimate.311061336"},{"type":"Feature","properties":{"mntl_bh_p_me_2_rate_3_11_7_13":12.40678614599,"area_code":303011051,"area_name":"Carindale"},"id":"sa2_chronicdisease_modelledestimate.303011051"},{"type":"Feature","properties":{"mntl_bh_p_me_2_rate_3_11_7_13":14.2545936689069,"area_code":303021052,"area_name":"Annerley"},"id":"sa2_chronicdisease_modelledestimate.303021052"},{"type":"Feature","properties":{"mntl_bh_p_me_2_rate_3_11_7_13":14.3131007630113,"area_code":303021053,"area_name":"Coorparoo"},"id":"sa2_chronicdisease_modelledestimate.303021053"},{"type":"Feature","properties":{"mntl_bh_p_me_2_rate_3_11_7_13":14.2545936689069,"area_code":303021055,"area_name":"Greenslopes"},"id":"sa2_chronicdisease_modelledestimate.303021055"},{"type":"Feature","properties":{"mntl_bh_p_me_2_rate_3_11_7_13":15.1032633392374,"area_code":303021054,"area_name":"Fairfield - Dutton Park"},"id":"sa2_chronicdisease_modelledestimate.303021054"},{"type":"Feature","properties":{"mntl_bh_p_me_2_rate_3_11_7_13":15.1032633392374,"area_code":303021058,"area_name":"Woolloongabba"},"id":"sa2_chronicdisease_modelledestimate.303021058"},{"type":"Feature","properties":{"mntl_bh_p_me_2_rate_3_11_7_13":15.1032633392374,"area_code":303021059,"area_name":"Yeronga"},"id":"sa2_chronicdisease_modelledestimate.303021059"},{"type":"Feature","properties":{"mntl_bh_p_me_2_rate_3_11_7_13":13.1208757291655,"area_code":303031062,"area_name":"Mansfield (Qld)"},"id":"sa2_chronicdisease_modelledestimate.303031062"},{"type":"Feature","properties":{"mntl_bh_p_me_2_rate_3_11_7_13":12.5359600286116,"area_code":303031060,"area_name":"Eight Mile Plains"},"id":"sa2_chronicdisease_modelledestimate.303031060"},{"type":"Feature","properties":{"mntl_bh_p_me_2_rate_3_11_7_13":14.4485690786483,"area_code":303031063,"area_name":"Mount Gravatt"},"id":"sa2_chronicdisease_modelledestimate.303031063"},{"type":"Feature","properties":{"mntl_bh_p_me_2_rate_3_11_7_13":13.1208757291655,"area_code":303031064,"area_name":"Rochedale - Burbank"},"id":"sa2_chronicdisease_modelledestimate.303031064"},{"type":"Feature","properties":{"mntl_bh_p_me_2_rate_3_11_7_13":14.4485690786483,"area_code":303031065,"area_name":"Upper Mount Gravatt"},"id":"sa2_chronicdisease_modelledestimate.303031065"},{"type":"Feature","properties":{"mntl_bh_p_me_2_rate_3_11_7_13":14.9886455288859,"area_code":303041070,"area_name":"Salisbury - Nathan"},"id":"sa2_chronicdisease_modelledestimate.303041070"},{"type":"Feature","properties":{"mntl_bh_p_me_2_rate_3_11_7_13":13.1208757291655,"area_code":303031066,"area_name":"Wishart"},"id":"sa2_chronicdisease_modelledestimate.303031066"},{"type":"Feature","properties":{"mntl_bh_p_me_2_rate_3_11_7_13":16.9627842707104,"area_code":303041067,"area_name":"Coopers Plains"},"id":"sa2_chronicdisease_modelledestimate.303041067"},{"type":"Feature","properties":{"mntl_bh_p_me_2_rate_3_11_7_13":12.89861061388,"area_code":303041071,"area_name":"Tarragindi"},"id":"sa2_chronicdisease_modelledestimate.303041071"},{"type":"Feature","properties":{"mntl_bh_p_me_2_rate_3_11_7_13":14.9886455288859,"area_code":303041068,"area_name":"Moorooka"},"id":"sa2_chronicdisease_modelledestimate.303041068"},{"type":"Feature","properties":{"mntl_bh_p_me_2_rate_3_11_7_13":16.9627842707104,"area_code":303041069,"area_name":"Robertson"},"id":"sa2_chronicdisease_modelledestimate.303041069"},{"type":"Feature","properties":{"mntl_bh_p_me_2_rate_3_11_7_13":12.3656919741674,"area_code":303051073,"area_name":"Calamvale - Stretton"},"id":"sa2_chronicdisease_modelledestimate.303051073"},{"type":"Feature","properties":{"mntl_bh_p_me_2_rate_3_11_7_13":10.8275862877824,"area_code":303051074,"area_name":"Pallara - Willawong"},"id":"sa2_chronicdisease_modelledestimate.303051074"},{"type":"Feature","properties":{"mntl_bh_p_me_2_rate_3_11_7_13":10.8275862877824,"area_code":303051075,"area_name":"Parkinson - Drewvale"},"id":"sa2_chronicdisease_modelledestimate.303051075"},{"type":"Feature","properties":{"mntl_bh_p_me_2_rate_3_11_7_13":18.395537924579,"area_code":303051076,"area_name":"Rocklea - Acacia Ridge"},"id":"sa2_chronicdisease_modelledestimate.303051076"},{"type":"Feature","properties":{"mntl_bh_p_me_2_rate_3_11_7_13":12.9947219735111,"area_code":303061077,"area_name":"Kuraby"},"id":"sa2_chronicdisease_modelledestimate.303061077"},{"type":"Feature","properties":{"mntl_bh_p_me_2_rate_3_11_7_13":11.6830379583425,"area_code":304011085,"area_name":"Westlake"},"id":"sa2_chronicdisease_modelledestimate.304011085"},{"type":"Feature","properties":{"mntl_bh_p_me_2_rate_3_11_7_13":11.6959875558909,"area_code":304021086,"area_name":"Bellbowrie - Moggill"},"id":"sa2_chronicdisease_modelledestimate.304021086"},{"type":"Feature","properties":{"mntl_bh_p_me_2_rate_3_11_7_13":12.9947219735111,"area_code":303061078,"area_name":"Runcorn"},"id":"sa2_chronicdisease_modelledestimate.303061078"},{"type":"Feature","properties":{"mntl_bh_p_me_2_rate_3_11_7_13":16.4126592806768,"area_code":305011106,"area_name":"Fortitude Valley"},"id":"sa2_chronicdisease_modelledestimate.305011106"},{"type":"Feature","properties":{"mntl_bh_p_me_2_rate_3_11_7_13":13.6610479558593,"area_code":303061079,"area_name":"Sunnybank"},"id":"sa2_chronicdisease_modelledestimate.303061079"},{"type":"Feature","properties":{"mntl_bh_p_me_2_rate_3_11_7_13":13.6610479558593,"area_code":303061080,"area_name":"Sunnybank Hills"},"id":"sa2_chronicdisease_modelledestimate.303061080"},{"type":"Feature","properties":{"mntl_bh_p_me_2_rate_3_11_7_13":12.3618035300779,"area_code":304011081,"area_name":"Jindalee - Mount Ommaney"},"id":"sa2_chronicdisease_modelledestimate.304011081"},{"type":"Feature","properties":{"mntl_bh_p_me_2_rate_3_11_7_13":11.6830379583425,"area_code":304011082,"area_name":"Middle Park - Jamboree Heights"},"id":"sa2_chronicdisease_modelledestimate.304011082"},{"type":"Feature","properties":{"mntl_bh_p_me_2_rate_3_11_7_13":11.6830379583425,"area_code":304011083,"area_name":"Riverhills"},"id":"sa2_chronicdisease_modelledestimate.304011083"},{"type":"Feature","properties":{"mntl_bh_p_me_2_rate_3_11_7_13":12.3618035300779,"area_code":304011084,"area_name":"Seventeen Mile Rocks - Sinnamon Park"},"id":"sa2_chronicdisease_modelledestimate.304011084"},{"type":"Feature","properties":{"mntl_bh_p_me_2_rate_3_11_7_13":11.6959875558909,"area_code":304021087,"area_name":"Brookfield - Kenmore Hills"},"id":"sa2_chronicdisease_modelledestimate.304021087"},{"type":"Feature","properties":{"mntl_bh_p_me_2_rate_3_11_7_13":12.6832323776074,"area_code":304021088,"area_name":"Chapel Hill"},"id":"sa2_chronicdisease_modelledestimate.304021088"},{"type":"Feature","properties":{"mntl_bh_p_me_2_rate_3_11_7_13":12.6832323776074,"area_code":304021089,"area_name":"Fig Tree Pocket"},"id":"sa2_chronicdisease_modelledestimate.304021089"},{"type":"Feature","properties":{"mntl_bh_p_me_2_rate_3_11_7_13":12.6832323776074,"area_code":304021090,"area_name":"Kenmore"},"id":"sa2_chronicdisease_modelledestimate.304021090"},{"type":"Feature","properties":{"mntl_bh_p_me_2_rate_3_11_7_13":11.6959875558909,"area_code":304021091,"area_name":"Pinjarra Hills - Pullenvale"},"id":"sa2_chronicdisease_modelledestimate.304021091"},{"type":"Feature","properties":{"mntl_bh_p_me_2_rate_3_11_7_13":12.9752885849476,"area_code":304031092,"area_name":"Chelmer - Graceville"},"id":"sa2_chronicdisease_modelledestimate.304031092"},{"type":"Feature","properties":{"mntl_bh_p_me_2_rate_3_11_7_13":12.9752885849476,"area_code":304031093,"area_name":"Corinda"},"id":"sa2_chronicdisease_modelledestimate.304031093"},{"type":"Feature","properties":{"mntl_bh_p_me_2_rate_3_11_7_13":15.4466649506492,"area_code":304031094,"area_name":"Indooroopilly"},"id":"sa2_chronicdisease_modelledestimate.304031094"},{"type":"Feature","properties":{"mntl_bh_p_me_2_rate_3_11_7_13":12.9752885849476,"area_code":304031095,"area_name":"Sherwood"},"id":"sa2_chronicdisease_modelledestimate.304031095"},{"type":"Feature","properties":{"mntl_bh_p_me_2_rate_3_11_7_13":18.6390959681099,"area_code":304031096,"area_name":"St Lucia"},"id":"sa2_chronicdisease_modelledestimate.304031096"},{"type":"Feature","properties":{"mntl_bh_p_me_2_rate_3_11_7_13":15.4466649506492,"area_code":304031097,"area_name":"Taringa"},"id":"sa2_chronicdisease_modelledestimate.304031097"},{"type":"Feature","properties":{"mntl_bh_p_me_2_rate_3_11_7_13":15.3317739724013,"area_code":304041098,"area_name":"Enoggera"},"id":"sa2_chronicdisease_modelledestimate.304041098"},{"type":"Feature","properties":{"mntl_bh_p_me_2_rate_3_11_7_13":12.5471837391738,"area_code":304041103,"area_name":"The Gap"},"id":"sa2_chronicdisease_modelledestimate.304041103"},{"type":"Feature","properties":{"mntl_bh_p_me_2_rate_3_11_7_13":13.6224309952845,"area_code":305031119,"area_name":"Albion"},"id":"sa2_chronicdisease_modelledestimate.305031119"},{"type":"Feature","properties":{"mntl_bh_p_me_2_rate_3_11_7_13":12.5471837391738,"area_code":304041099,"area_name":"Enoggera Reservoir"},"id":"sa2_chronicdisease_modelledestimate.304041099"},{"type":"Feature","properties":{"mntl_bh_p_me_2_rate_3_11_7_13":14.0214834131985,"area_code":305031126,"area_name":"Kelvin Grove - Herston"},"id":"sa2_chronicdisease_modelledestimate.305031126"},{"type":"Feature","properties":{"mntl_bh_p_me_2_rate_3_11_7_13":12.5471837391738,"area_code":304041102,"area_name":"Mount Coot-tha"},"id":"sa2_chronicdisease_modelledestimate.304041102"},{"type":"Feature","properties":{"mntl_bh_p_me_2_rate_3_11_7_13":15.3317739724013,"area_code":304041100,"area_name":"Keperra"},"id":"sa2_chronicdisease_modelledestimate.304041100"},{"type":"Feature","properties":{"mntl_bh_p_me_2_rate_3_11_7_13":12.8456141331633,"area_code":305021114,"area_name":"Bulimba"},"id":"sa2_chronicdisease_modelledestimate.305021114"},{"type":"Feature","properties":{"mntl_bh_p_me_2_rate_3_11_7_13":15.3317739724013,"area_code":304041101,"area_name":"Mitchelton"},"id":"sa2_chronicdisease_modelledestimate.304041101"},{"type":"Feature","properties":{"mntl_bh_p_me_2_rate_3_11_7_13":13.6224309952845,"area_code":305031130,"area_name":"Windsor"},"id":"sa2_chronicdisease_modelledestimate.305031130"},{"type":"Feature","properties":{"mntl_bh_p_me_2_rate_3_11_7_13":12.5471837391738,"area_code":304041104,"area_name":"Upper Kedron - Ferny Grove"},"id":"sa2_chronicdisease_modelledestimate.304041104"},{"type":"Feature","properties":{"mntl_bh_p_me_2_rate_3_11_7_13":15.6562709713543,"area_code":305011105,"area_name":"Brisbane City"},"id":"sa2_chronicdisease_modelledestimate.305011105"},{"type":"Feature","properties":{"mntl_bh_p_me_2_rate_3_11_7_13":14.4117599926795,"area_code":305011107,"area_name":"Highgate Hill"},"id":"sa2_chronicdisease_modelledestimate.305011107"},{"type":"Feature","properties":{"mntl_bh_p_me_2_rate_3_11_7_13":14.0779344514904,"area_code":305021115,"area_name":"East Brisbane"},"id":"sa2_chronicdisease_modelledestimate.305021115"},{"type":"Feature","properties":{"mntl_bh_p_me_2_rate_3_11_7_13":15.6562709713543,"area_code":305011108,"area_name":"Kangaroo Point"},"id":"sa2_chronicdisease_modelledestimate.305011108"},{"type":"Feature","properties":{"mntl_bh_p_me_2_rate_3_11_7_13":15.73077153648,"area_code":305011109,"area_name":"New Farm"},"id":"sa2_chronicdisease_modelledestimate.305011109"},{"type":"Feature","properties":{"mntl_bh_p_me_2_rate_3_11_7_13":14.4117599926795,"area_code":305011110,"area_name":"South Brisbane"},"id":"sa2_chronicdisease_modelledestimate.305011110"},{"type":"Feature","properties":{"mntl_bh_p_me_2_rate_3_11_7_13":16.4126592806768,"area_code":305011111,"area_name":"Spring Hill"},"id":"sa2_chronicdisease_modelledestimate.305011111"},{"type":"Feature","properties":{"mntl_bh_p_me_2_rate_3_11_7_13":14.4117599926795,"area_code":305011112,"area_name":"West End"},"id":"sa2_chronicdisease_modelledestimate.305011112"},{"type":"Feature","properties":{"mntl_bh_p_me_2_rate_3_11_7_13":12.8456141331633,"area_code":305021116,"area_name":"Hawthorne"},"id":"sa2_chronicdisease_modelledestimate.305021116"},{"type":"Feature","properties":{"mntl_bh_p_me_2_rate_3_11_7_13":14.31571255237,"area_code":305021117,"area_name":"Morningside - Seven Hills"},"id":"sa2_chronicdisease_modelledestimate.305021117"},{"type":"Feature","properties":{"mntl_bh_p_me_2_rate_3_11_7_13":14.0779344514904,"area_code":305021118,"area_name":"Norman Park"},"id":"sa2_chronicdisease_modelledestimate.305021118"},{"type":"Feature","properties":{"mntl_bh_p_me_2_rate_3_11_7_13":14.0214834131985,"area_code":305031120,"area_name":"Alderley"},"id":"sa2_chronicdisease_modelledestimate.305031120"},{"type":"Feature","properties":{"mntl_bh_p_me_2_rate_3_11_7_13":13.8659756297609,"area_code":305031121,"area_name":"Ascot"},"id":"sa2_chronicdisease_modelledestimate.305031121"},{"type":"Feature","properties":{"mntl_bh_p_me_2_rate_3_11_7_13":13.8659756297609,"area_code":305031122,"area_name":"Clayfield"},"id":"sa2_chronicdisease_modelledestimate.305031122"},{"type":"Feature","properties":{"mntl_bh_p_me_2_rate_3_11_7_13":14.0214834131985,"area_code":305031123,"area_name":"Grange"},"id":"sa2_chronicdisease_modelledestimate.305031123"},{"type":"Feature","properties":{"mntl_bh_p_me_2_rate_3_11_7_13":13.8659756297609,"area_code":305031124,"area_name":"Hamilton (Qld)"},"id":"sa2_chronicdisease_modelledestimate.305031124"},{"type":"Feature","properties":{"mntl_bh_p_me_2_rate_3_11_7_13":13.8659756297609,"area_code":305031125,"area_name":"Hendra"},"id":"sa2_chronicdisease_modelledestimate.305031125"},{"type":"Feature","properties":{"mntl_bh_p_me_2_rate_3_11_7_13":14.0214834131985,"area_code":305031127,"area_name":"Newmarket"},"id":"sa2_chronicdisease_modelledestimate.305031127"},{"type":"Feature","properties":{"mntl_bh_p_me_2_rate_3_11_7_13":13.6224309952845,"area_code":305031128,"area_name":"Newstead - Bowen Hills"},"id":"sa2_chronicdisease_modelledestimate.305031128"},{"type":"Feature","properties":{"mntl_bh_p_me_2_rate_3_11_7_13":14.0214834131985,"area_code":305031129,"area_name":"Wilston"},"id":"sa2_chronicdisease_modelledestimate.305031129"},{"type":"Feature","properties":{"mntl_bh_p_me_2_rate_3_11_7_13":13.6224309952845,"area_code":305031131,"area_name":"Wooloowin - Lutwyche"},"id":"sa2_chronicdisease_modelledestimate.305031131"},{"type":"Feature","properties":{"mntl_bh_p_me_2_rate_3_11_7_13":12.9666972007941,"area_code":305041132,"area_name":"Ashgrove"},"id":"sa2_chronicdisease_modelledestimate.305041132"},{"type":"Feature","properties":{"mntl_bh_p_me_2_rate_3_11_7_13":15.7226213447184,"area_code":305041133,"area_name":"Auchenflower"},"id":"sa2_chronicdisease_modelledestimate.305041133"},{"type":"Feature","properties":{"mntl_bh_p_me_2_rate_3_11_7_13":12.9666972007941,"area_code":305041134,"area_name":"Bardon"},"id":"sa2_chronicdisease_modelledestimate.305041134"},{"type":"Feature","properties":{"mntl_bh_p_me_2_rate_3_11_7_13":13.2322704715052,"area_code":305041135,"area_name":"Paddington - Milton"},"id":"sa2_chronicdisease_modelledestimate.305041135"},{"type":"Feature","properties":{"mntl_bh_p_me_2_rate_3_11_7_13":13.2322704715052,"area_code":305041136,"area_name":"Red Hill (Qld)"},"id":"sa2_chronicdisease_modelledestimate.305041136"},{"type":"Feature","properties":{"mntl_bh_p_me_2_rate_3_11_7_13":15.7226213447184,"area_code":305041137,"area_name":"Toowong"},"id":"sa2_chronicdisease_modelledestimate.305041137"},{"type":"Feature","properties":{"mntl_bh_p_me_2_rate_3_11_7_13":11.6114088717053,"area_code":311061329,"area_name":"Daisy Hill"},"id":"sa2_chronicdisease_modelledestimate.311061329"},{"type":"Feature","properties":{"mntl_bh_p_me_2_rate_3_11_7_13":17.6075703354619,"area_code":310011274,"area_name":"Inala - Richlands"},"id":"sa2_chronicdisease_modelledestimate.310011274"},{"type":"Feature","properties":{"mntl_bh_p_me_2_rate_3_11_7_13":14.7748364804263,"area_code":310011275,"area_name":"Oxley (Qld)"},"id":"sa2_chronicdisease_modelledestimate.310011275"},{"type":"Feature","properties":{"mntl_bh_p_me_2_rate_3_11_7_13":17.6075703354619,"area_code":310011276,"area_name":"Wacol"},"id":"sa2_chronicdisease_modelledestimate.310011276"},{"type":"Feature","properties":{"mntl_bh_p_me_2_rate_3_11_7_13":14.2188176041455,"area_code":310021277,"area_name":"Boonah"},"id":"sa2_chronicdisease_modelledestimate.310021277"},{"type":"Feature","properties":{"mntl_bh_p_me_2_rate_3_11_7_13":16.8485627409714,"area_code":310021278,"area_name":"Esk"},"id":"sa2_chronicdisease_modelledestimate.310021278"},{"type":"Feature","properties":{"mntl_bh_p_me_2_rate_3_11_7_13":16.9905423057064,"area_code":313011362,"area_name":"Beachmere - Sandstone Point"},"id":"sa2_chronicdisease_modelledestimate.313011362"},{"type":"Feature","properties":{"mntl_bh_p_me_2_rate_3_11_7_13":17.9309557302384,"area_code":313011363,"area_name":"Bribie Island"},"id":"sa2_chronicdisease_modelledestimate.313011363"},{"type":"Feature","properties":{"mntl_bh_p_me_2_rate_3_11_7_13":16.8485627409714,"area_code":310021281,"area_name":"Lowood"},"id":"sa2_chronicdisease_modelledestimate.310021281"},{"type":"Feature","properties":{"mntl_bh_p_me_2_rate_3_11_7_13":14.2188176041455,"area_code":310021282,"area_name":"Rosewood"},"id":"sa2_chronicdisease_modelledestimate.310021282"},{"type":"Feature","properties":{"mntl_bh_p_me_2_rate_3_11_7_13":16.01233116033,"area_code":313021364,"area_name":"Burpengary - East"},"id":"sa2_chronicdisease_modelledestimate.313021364"},{"type":"Feature","properties":{"mntl_bh_p_me_2_rate_3_11_7_13":15.163163810066,"area_code":310031285,"area_name":"Churchill - Yamanto"},"id":"sa2_chronicdisease_modelledestimate.310031285"},{"type":"Feature","properties":{"mntl_bh_p_me_2_rate_3_11_7_13":16.8834754291627,"area_code":310031286,"area_name":"Ipswich - Central"},"id":"sa2_chronicdisease_modelledestimate.310031286"},{"type":"Feature","properties":{"mntl_bh_p_me_2_rate_3_11_7_13":17.3882878488731,"area_code":310031287,"area_name":"Ipswich - East"},"id":"sa2_chronicdisease_modelledestimate.310031287"},{"type":"Feature","properties":{"mntl_bh_p_me_2_rate_3_11_7_13":11.8347391093471,"area_code":311031316,"area_name":"Hillcrest"},"id":"sa2_chronicdisease_modelledestimate.311031316"},{"type":"Feature","properties":{"mntl_bh_p_me_2_rate_3_11_7_13":11.2119402098675,"area_code":310031288,"area_name":"Ipswich - North"},"id":"sa2_chronicdisease_modelledestimate.310031288"},{"type":"Feature","properties":{"mntl_bh_p_me_2_rate_3_11_7_13":11.2119402098675,"area_code":310031290,"area_name":"Karana Downs"},"id":"sa2_chronicdisease_modelledestimate.310031290"},{"type":"Feature","properties":{"mntl_bh_p_me_2_rate_3_11_7_13":16.7542825319879,"area_code":310031291,"area_name":"Leichhardt - One Mile"},"id":"sa2_chronicdisease_modelledestimate.310031291"},{"type":"Feature","properties":{"mntl_bh_p_me_2_rate_3_11_7_13":13.1042189766018,"area_code":310041296,"area_name":"Bellbird Park - Brookwater"},"id":"sa2_chronicdisease_modelledestimate.310041296"},{"type":"Feature","properties":{"mntl_bh_p_me_2_rate_3_11_7_13":15.4131757618551,"area_code":310041297,"area_name":"Camira - Gailes"},"id":"sa2_chronicdisease_modelledestimate.310041297"},{"type":"Feature","properties":{"mntl_bh_p_me_2_rate_3_11_7_13":13.1461515674264,"area_code":313031371,"area_name":"Woodford - D'Aguilar"},"id":"sa2_chronicdisease_modelledestimate.313031371"},{"type":"Feature","properties":{"mntl_bh_p_me_2_rate_3_11_7_13":10.9902260070667,"area_code":314011384,"area_name":"Dayboro"},"id":"sa2_chronicdisease_modelledestimate.314011384"},{"type":"Feature","properties":{"mntl_bh_p_me_2_rate_3_11_7_13":14.7748364804263,"area_code":310011271,"area_name":"Darra - Sumner"},"id":"sa2_chronicdisease_modelledestimate.310011271"},{"type":"Feature","properties":{"mntl_bh_p_me_2_rate_3_11_7_13":15.4131757618551,"area_code":310041298,"area_name":"Carole Park"},"id":"sa2_chronicdisease_modelledestimate.310041298"},{"type":"Feature","properties":{"mntl_bh_p_me_2_rate_3_11_7_13":15.4131757618551,"area_code":310041299,"area_name":"Collingwood Park - Redbank"},"id":"sa2_chronicdisease_modelledestimate.310041299"},{"type":"Feature","properties":{"mntl_bh_p_me_2_rate_3_11_7_13":15.4131757618551,"area_code":310041300,"area_name":"Goodna"},"id":"sa2_chronicdisease_modelledestimate.310041300"},{"type":"Feature","properties":{"mntl_bh_p_me_2_rate_3_11_7_13":14.7748364804263,"area_code":310011272,"area_name":"Durack"},"id":"sa2_chronicdisease_modelledestimate.310011272"},{"type":"Feature","properties":{"mntl_bh_p_me_2_rate_3_11_7_13":13.8913451493304,"area_code":310011273,"area_name":"Forest Lake - Doolandella"},"id":"sa2_chronicdisease_modelledestimate.310011273"},{"type":"Feature","properties":{"mntl_bh_p_me_2_rate_3_11_7_13":16.8485627409714,"area_code":310021279,"area_name":"Lake Manchester - England Creek"},"id":"sa2_chronicdisease_modelledestimate.310021279"},{"type":"Feature","properties":{"mntl_bh_p_me_2_rate_3_11_7_13":16.2293795493244,"area_code":310021280,"area_name":"Lockyer Valley - East"},"id":"sa2_chronicdisease_modelledestimate.310021280"},{"type":"Feature","properties":{"mntl_bh_p_me_2_rate_3_11_7_13":16.7542825319879,"area_code":310031283,"area_name":"Brassall"},"id":"sa2_chronicdisease_modelledestimate.310031283"},{"type":"Feature","properties":{"mntl_bh_p_me_2_rate_3_11_7_13":16.7410181827129,"area_code":310031284,"area_name":"Bundamba"},"id":"sa2_chronicdisease_modelledestimate.310031284"},{"type":"Feature","properties":{"mntl_bh_p_me_2_rate_3_11_7_13":11.2119402098675,"area_code":310031289,"area_name":"Karalee - Barellan Point"},"id":"sa2_chronicdisease_modelledestimate.310031289"},{"type":"Feature","properties":{"mntl_bh_p_me_2_rate_3_11_7_13":16.8834754291627,"area_code":310031292,"area_name":"North Ipswich - Tivoli"},"id":"sa2_chronicdisease_modelledestimate.310031292"},{"type":"Feature","properties":{"mntl_bh_p_me_2_rate_3_11_7_13":12.9600817233463,"area_code":311021308,"area_name":"Edens Landing - Holmview"},"id":"sa2_chronicdisease_modelledestimate.311021308"},{"type":"Feature","properties":{"mntl_bh_p_me_2_rate_3_11_7_13":15.163163810066,"area_code":310031293,"area_name":"Raceview"},"id":"sa2_chronicdisease_modelledestimate.310031293"},{"type":"Feature","properties":{"mntl_bh_p_me_2_rate_3_11_7_13":15.163163810066,"area_code":310031294,"area_name":"Ripley"},"id":"sa2_chronicdisease_modelledestimate.310031294"},{"type":"Feature","properties":{"mntl_bh_p_me_2_rate_3_11_7_13":16.7410181827129,"area_code":310031295,"area_name":"Riverview"},"id":"sa2_chronicdisease_modelledestimate.310031295"},{"type":"Feature","properties":{"mntl_bh_p_me_2_rate_3_11_7_13":15.7568170197257,"area_code":310041301,"area_name":"New Chum"},"id":"sa2_chronicdisease_modelledestimate.310041301"},{"type":"Feature","properties":{"mntl_bh_p_me_2_rate_3_11_7_13":15.7568170197257,"area_code":310041302,"area_name":"Redbank Plains"},"id":"sa2_chronicdisease_modelledestimate.310041302"},{"type":"Feature","properties":{"mntl_bh_p_me_2_rate_3_11_7_13":13.1042189766018,"area_code":310041303,"area_name":"Springfield"},"id":"sa2_chronicdisease_modelledestimate.310041303"},{"type":"Feature","properties":{"mntl_bh_p_me_2_rate_3_11_7_13":11.6801785376895,"area_code":310041304,"area_name":"Springfield Lakes"},"id":"sa2_chronicdisease_modelledestimate.310041304"},{"type":"Feature","properties":{"mntl_bh_p_me_2_rate_3_11_7_13":16.183104239407,"area_code":311011305,"area_name":"Beaudesert"},"id":"sa2_chronicdisease_modelledestimate.311011305"},{"type":"Feature","properties":{"mntl_bh_p_me_2_rate_3_11_7_13":12.9600817233463,"area_code":311021309,"area_name":"Mount Warren Park"},"id":"sa2_chronicdisease_modelledestimate.311021309"},{"type":"Feature","properties":{"mntl_bh_p_me_2_rate_3_11_7_13":18.4038245621307,"area_code":311021306,"area_name":"Beenleigh"},"id":"sa2_chronicdisease_modelledestimate.311021306"},{"type":"Feature","properties":{"mntl_bh_p_me_2_rate_3_11_7_13":18.4038245621307,"area_code":311021307,"area_name":"Eagleby"},"id":"sa2_chronicdisease_modelledestimate.311021307"},{"type":"Feature","properties":{"mntl_bh_p_me_2_rate_3_11_7_13":12.9600817233463,"area_code":311021310,"area_name":"Wolffdene - Bahrs Scrub"},"id":"sa2_chronicdisease_modelledestimate.311021310"},{"type":"Feature","properties":{"mntl_bh_p_me_2_rate_3_11_7_13":14.8906911442585,"area_code":311031311,"area_name":"Boronia Heights - Park Ridge"},"id":"sa2_chronicdisease_modelledestimate.311031311"},{"type":"Feature","properties":{"mntl_bh_p_me_2_rate_3_11_7_13":15.1360793179869,"area_code":311031312,"area_name":"Browns Plains"},"id":"sa2_chronicdisease_modelledestimate.311031312"},{"type":"Feature","properties":{"mntl_bh_p_me_2_rate_3_11_7_13":14.8906911442585,"area_code":311031315,"area_name":"Greenbank Military Camp"},"id":"sa2_chronicdisease_modelledestimate.311031315"},{"type":"Feature","properties":{"mntl_bh_p_me_2_rate_3_11_7_13":12.0666252618982,"area_code":311031313,"area_name":"Chambers Flat - Logan Reserve"},"id":"sa2_chronicdisease_modelledestimate.311031313"},{"type":"Feature","properties":{"mntl_bh_p_me_2_rate_3_11_7_13":15.1360793179869,"area_code":311031314,"area_name":"Crestmead"},"id":"sa2_chronicdisease_modelledestimate.311031314"},{"type":"Feature","properties":{"mntl_bh_p_me_2_rate_3_11_7_13":15.1360793179869,"area_code":311031317,"area_name":"Marsden"},"id":"sa2_chronicdisease_modelledestimate.311031317"},{"type":"Feature","properties":{"mntl_bh_p_me_2_rate_3_11_7_13":12.0666252618982,"area_code":311031318,"area_name":"Munruben - Park Ridge South"},"id":"sa2_chronicdisease_modelledestimate.311031318"},{"type":"Feature","properties":{"mntl_bh_p_me_2_rate_3_11_7_13":15.1796992721178,"area_code":311051328,"area_name":"Waterford West"},"id":"sa2_chronicdisease_modelledestimate.311051328"},{"type":"Feature","properties":{"mntl_bh_p_me_2_rate_3_11_7_13":11.8347391093471,"area_code":311031319,"area_name":"Regents Park - Heritage Park"},"id":"sa2_chronicdisease_modelledestimate.311031319"},{"type":"Feature","properties":{"mntl_bh_p_me_2_rate_3_11_7_13":10.8954565200568,"area_code":311041320,"area_name":"Greenbank"},"id":"sa2_chronicdisease_modelledestimate.311041320"},{"type":"Feature","properties":{"mntl_bh_p_me_2_rate_3_11_7_13":12.1606252898868,"area_code":311041321,"area_name":"Jimboomba"},"id":"sa2_chronicdisease_modelledestimate.311041321"},{"type":"Feature","properties":{"mntl_bh_p_me_2_rate_3_11_7_13":15.1796992721178,"area_code":311051323,"area_name":"Bethania - Waterford"},"id":"sa2_chronicdisease_modelledestimate.311051323"},{"type":"Feature","properties":{"mntl_bh_p_me_2_rate_3_11_7_13":12.1606252898868,"area_code":311041322,"area_name":"Logan Village"},"id":"sa2_chronicdisease_modelledestimate.311041322"},{"type":"Feature","properties":{"mntl_bh_p_me_2_rate_3_11_7_13":11.2974818394502,"area_code":311051324,"area_name":"Cornubia - Carbrook"},"id":"sa2_chronicdisease_modelledestimate.311051324"},{"type":"Feature","properties":{"mntl_bh_p_me_2_rate_3_11_7_13":11.7853225977978,"area_code":311051325,"area_name":"Loganholme - Tanah Merah"},"id":"sa2_chronicdisease_modelledestimate.311051325"},{"type":"Feature","properties":{"mntl_bh_p_me_2_rate_3_11_7_13":11.2974818394502,"area_code":311051327,"area_name":"Shailer Park"},"id":"sa2_chronicdisease_modelledestimate.311051327"},{"type":"Feature","properties":{"mntl_bh_p_me_2_rate_3_11_7_13":15.1796992721178,"area_code":311051326,"area_name":"Loganlea"},"id":"sa2_chronicdisease_modelledestimate.311051326"},{"type":"Feature","properties":{"mntl_bh_p_me_2_rate_3_11_7_13":16.7905079302425,"area_code":311061330,"area_name":"Kingston"},"id":"sa2_chronicdisease_modelledestimate.311061330"},{"type":"Feature","properties":{"mntl_bh_p_me_2_rate_3_11_7_13":17.863657849076,"area_code":311061331,"area_name":"Logan Central"},"id":"sa2_chronicdisease_modelledestimate.311061331"},{"type":"Feature","properties":{"mntl_bh_p_me_2_rate_3_11_7_13":11.8104633112932,"area_code":311061332,"area_name":"Rochedale South - Priestdale"},"id":"sa2_chronicdisease_modelledestimate.311061332"},{"type":"Feature","properties":{"mntl_bh_p_me_2_rate_3_11_7_13":16.7905079302425,"area_code":311061333,"area_name":"Slacks Creek"},"id":"sa2_chronicdisease_modelledestimate.311061333"},{"type":"Feature","properties":{"mntl_bh_p_me_2_rate_3_11_7_13":11.6114088717053,"area_code":311061334,"area_name":"Springwood"},"id":"sa2_chronicdisease_modelledestimate.311061334"},{"type":"Feature","properties":{"mntl_bh_p_me_2_rate_3_11_7_13":18.130272566218,"area_code":313021365,"area_name":"Caboolture"},"id":"sa2_chronicdisease_modelledestimate.313021365"},{"type":"Feature","properties":{"mntl_bh_p_me_2_rate_3_11_7_13":16.01233116033,"area_code":313021366,"area_name":"Caboolture - South"},"id":"sa2_chronicdisease_modelledestimate.313021366"},{"type":"Feature","properties":{"mntl_bh_p_me_2_rate_3_11_7_13":11.7004998901289,"area_code":313021367,"area_name":"Elimbah"},"id":"sa2_chronicdisease_modelledestimate.313021367"},{"type":"Feature","properties":{"mntl_bh_p_me_2_rate_3_11_7_13":16.01233116033,"area_code":313021368,"area_name":"Morayfield - East"},"id":"sa2_chronicdisease_modelledestimate.313021368"},{"type":"Feature","properties":{"mntl_bh_p_me_2_rate_3_11_7_13":11.7004998901289,"area_code":313021369,"area_name":"Wamuran"},"id":"sa2_chronicdisease_modelledestimate.313021369"},{"type":"Feature","properties":{"mntl_bh_p_me_2_rate_3_11_7_13":13.1461515674264,"area_code":313031370,"area_name":"Kilcoy"},"id":"sa2_chronicdisease_modelledestimate.313031370"},{"type":"Feature","properties":{"mntl_bh_p_me_2_rate_3_11_7_13":15.0121850981054,"area_code":313041372,"area_name":"Burpengary"},"id":"sa2_chronicdisease_modelledestimate.313041372"},{"type":"Feature","properties":{"mntl_bh_p_me_2_rate_3_11_7_13":18.1439934566563,"area_code":313041373,"area_name":"Deception Bay"},"id":"sa2_chronicdisease_modelledestimate.313041373"},{"type":"Feature","properties":{"mntl_bh_p_me_2_rate_3_11_7_13":11.4035008555698,"area_code":313041374,"area_name":"Morayfield"},"id":"sa2_chronicdisease_modelledestimate.313041374"},{"type":"Feature","properties":{"mntl_bh_p_me_2_rate_3_11_7_13":11.4035008555698,"area_code":313041375,"area_name":"Narangba"},"id":"sa2_chronicdisease_modelledestimate.313041375"},{"type":"Feature","properties":{"mntl_bh_p_me_2_rate_3_11_7_13":11.4035008555698,"area_code":313041376,"area_name":"Upper Caboolture"},"id":"sa2_chronicdisease_modelledestimate.313041376"},{"type":"Feature","properties":{"mntl_bh_p_me_2_rate_3_11_7_13":17.4910821418756,"area_code":313051377,"area_name":"Clontarf"},"id":"sa2_chronicdisease_modelledestimate.313051377"},{"type":"Feature","properties":{"mntl_bh_p_me_2_rate_3_11_7_13":18.2386935436257,"area_code":313051378,"area_name":"Margate - Woody Point"},"id":"sa2_chronicdisease_modelledestimate.313051378"},{"type":"Feature","properties":{"mntl_bh_p_me_2_rate_3_11_7_13":18.2386935436257,"area_code":313051379,"area_name":"Redcliffe"},"id":"sa2_chronicdisease_modelledestimate.313051379"},{"type":"Feature","properties":{"mntl_bh_p_me_2_rate_3_11_7_13":17.4910821418756,"area_code":313051380,"area_name":"Rothwell - Kippa-Ring"},"id":"sa2_chronicdisease_modelledestimate.313051380"},{"type":"Feature","properties":{"mntl_bh_p_me_2_rate_3_11_7_13":14.474363904595,"area_code":313051381,"area_name":"Scarborough - Newport"},"id":"sa2_chronicdisease_modelledestimate.313051381"},{"type":"Feature","properties":{"mntl_bh_p_me_2_rate_3_11_7_13":11.465746529876,"area_code":314011382,"area_name":"Albany Creek"},"id":"sa2_chronicdisease_modelledestimate.314011382"},{"type":"Feature","properties":{"mntl_bh_p_me_2_rate_3_11_7_13":10.9902260070667,"area_code":314011383,"area_name":"Cashmere"},"id":"sa2_chronicdisease_modelledestimate.314011383"},{"type":"Feature","properties":{"mntl_bh_p_me_2_rate_3_11_7_13":11.465746529876,"area_code":314011385,"area_name":"Eatons Hill"},"id":"sa2_chronicdisease_modelledestimate.314011385"},{"type":"Feature","properties":{"mntl_bh_p_me_2_rate_3_11_7_13":10.8490794570221,"area_code":314011386,"area_name":"Hills District"},"id":"sa2_chronicdisease_modelledestimate.314011386"},{"type":"Feature","properties":{"mntl_bh_p_me_2_rate_3_11_7_13":11.9824562121087,"area_code":314011387,"area_name":"Samford Valley"},"id":"sa2_chronicdisease_modelledestimate.314011387"},{"type":"Feature","properties":{"mntl_bh_p_me_2_rate_3_11_7_13":14.0528999611381,"area_code":314021388,"area_name":"Dakabin - Kallangur"},"id":"sa2_chronicdisease_modelledestimate.314021388"},{"type":"Feature","properties":{"mntl_bh_p_me_2_rate_3_11_7_13":13.044427091124,"area_code":314021389,"area_name":"Murrumba Downs - Griffin"},"id":"sa2_chronicdisease_modelledestimate.314021389"},{"type":"Feature","properties":{"mntl_bh_p_me_2_rate_3_11_7_13":11.4220555217675,"area_code":314021390,"area_name":"North Lakes - Mango Hill"},"id":"sa2_chronicdisease_modelledestimate.314021390"},{"type":"Feature","properties":{"mntl_bh_p_me_2_rate_3_11_7_13":15.0646315514333,"area_code":314031391,"area_name":"Bray Park"},"id":"sa2_chronicdisease_modelledestimate.314031391"},{"type":"Feature","properties":{"mntl_bh_p_me_2_rate_3_11_7_13":15.852324680342,"area_code":314031392,"area_name":"Lawnton"},"id":"sa2_chronicdisease_modelledestimate.314031392"},{"type":"Feature","properties":{"mntl_bh_p_me_2_rate_3_11_7_13":15.852324680342,"area_code":314031393,"area_name":"Petrie"},"id":"sa2_chronicdisease_modelledestimate.314031393"},{"type":"Feature","properties":{"mntl_bh_p_me_2_rate_3_11_7_13":15.0646315514333,"area_code":314031394,"area_name":"Strathpine - Brendale"},"id":"sa2_chronicdisease_modelledestimate.314031394"}]}